name,kind,area,status,return_or_variable_type,parameters
LL_COMP_Init,Function,Other libraries and assets,not_bridged,ErrorStatus,"COMP_TypeDef*, const LL_COMP_InitTypeDef*"
LL_DMA_DeInit,Function,Other libraries and assets,not_bridged,ErrorStatus,"DMA_TypeDef*, uint32_t"
LL_DMA_Init,Function,Other libraries and assets,not_bridged,ErrorStatus,"DMA_TypeDef*, uint32_t, LL_DMA_InitTypeDef*"
LL_GPIO_Init,Function,Other libraries and assets,not_bridged,ErrorStatus,"GPIO_TypeDef*, LL_GPIO_InitTypeDef*"
LL_I2C_Init,Function,Other libraries and assets,not_bridged,ErrorStatus,"I2C_TypeDef*, const LL_I2C_InitTypeDef*"
LL_LPTIM_DeInit,Function,Other libraries and assets,not_bridged,ErrorStatus,LPTIM_TypeDef*
LL_LPTIM_Init,Function,Other libraries and assets,not_bridged,ErrorStatus,"LPTIM_TypeDef*, const LL_LPTIM_InitTypeDef*"
LL_LPUART_Init,Function,Other libraries and assets,not_bridged,ErrorStatus,"USART_TypeDef*, const LL_LPUART_InitTypeDef*"
LL_RCC_GetLPUARTClockFreq,Function,Other libraries and assets,not_bridged,uint32_t,uint32_t
LL_RCC_GetUSARTClockFreq,Function,Other libraries and assets,not_bridged,uint32_t,uint32_t
LL_RTC_EnterInitMode,Function,Other libraries and assets,not_bridged,ErrorStatus,RTC_TypeDef*
LL_RTC_Init,Function,Other libraries and assets,not_bridged,ErrorStatus,"RTC_TypeDef*, LL_RTC_InitTypeDef*"
LL_SPI_Init,Function,Other libraries and assets,not_bridged,ErrorStatus,"SPI_TypeDef*, LL_SPI_InitTypeDef*"
LL_SetSystemCoreClock,Function,Other libraries and assets,not_bridged,void,uint32_t
LL_TIM_DeInit,Function,Other libraries and assets,not_bridged,ErrorStatus,TIM_TypeDef*
LL_TIM_Init,Function,Other libraries and assets,not_bridged,ErrorStatus,"TIM_TypeDef*, const LL_TIM_InitTypeDef*"
LL_TIM_OC_Init,Function,Other libraries and assets,not_bridged,ErrorStatus,"TIM_TypeDef*, uint32_t, const LL_TIM_OC_InitTypeDef*"
LL_USART_Init,Function,Other libraries and assets,not_bridged,ErrorStatus,"USART_TypeDef*, const LL_USART_InitTypeDef*"
SystemCoreClock,Variable,Other libraries and assets,not_bridged,uint32_t,
__aeabi_f2d,Function,Other libraries and assets,not_bridged,double,float
__aeabi_uldivmod,Function,Other libraries and assets,not_bridged,void*,"uint64_t, uint64_t"
__assert_func,Function,Other libraries and assets,native_export_needs_arm_bridge,void,"const char*, int, const char*, const char*"
__clear_cache,Function,Other libraries and assets,not_bridged,void,"void*, void*"
__cxa_pure_virtual,Function,Other libraries and assets,not_bridged,void,
__errno,Function,Other libraries and assets,native_export_needs_arm_bridge,int*,
__furi_crash_implementation,Function,Other libraries and assets,bridged_subset,void,
__furi_critical_enter,Function,Other libraries and assets,not_bridged,__FuriCriticalInfo,
__furi_critical_exit,Function,Other libraries and assets,not_bridged,void,__FuriCriticalInfo
__furi_halt_implementation,Function,Other libraries and assets,not_bridged,void,
__retarget_lock_acquire,Function,Other libraries and assets,not_bridged,void,_LOCK_T
__retarget_lock_acquire_recursive,Function,Other libraries and assets,not_bridged,void,_LOCK_T
__retarget_lock_close_recursive,Function,Other libraries and assets,not_bridged,void,_LOCK_T
__retarget_lock_init_recursive,Function,Other libraries and assets,not_bridged,void,_LOCK_T*
__retarget_lock_release,Function,Other libraries and assets,not_bridged,void,_LOCK_T
__retarget_lock_release_recursive,Function,Other libraries and assets,not_bridged,void,_LOCK_T
__wrap___assert,Function,Other libraries and assets,not_bridged,void,"const char*, int, const char*"
__wrap___assert_func,Function,Other libraries and assets,not_bridged,void,"const char*, int, const char*, const char*"
__wrap_fflush,Function,Other libraries and assets,not_bridged,int,FILE*
__wrap_fgetc,Function,Other libraries and assets,not_bridged,int,FILE*
__wrap_fgets,Function,Other libraries and assets,not_bridged,char*,"char*, size_t, FILE*"
__wrap_getc,Function,Other libraries and assets,not_bridged,int,FILE*
__wrap_getchar,Function,Other libraries and assets,not_bridged,int,
__wrap_printf,Function,Other libraries and assets,not_bridged,int,"const char*, ..."
__wrap_putc,Function,Other libraries and assets,not_bridged,int,"int, FILE*"
__wrap_putchar,Function,Other libraries and assets,not_bridged,int,int
__wrap_puts,Function,Other libraries and assets,not_bridged,int,const char*
__wrap_snprintf,Function,Other libraries and assets,not_bridged,int,"char*, size_t, const char*, ..."
__wrap_strtod,Function,Other libraries and assets,not_bridged,double,"const char*, char**"
__wrap_strtof,Function,Other libraries and assets,not_bridged,float,"const char*, char**"
__wrap_ungetc,Function,Other libraries and assets,not_bridged,int,"int, FILE*"
__wrap_vsnprintf,Function,Other libraries and assets,not_bridged,int,"char*, size_t, const char*, va_list"
_ctype_,Variable,Other libraries and assets,native_export_needs_arm_bridge,const char[],
_impure_data,Variable,Other libraries and assets,not_bridged,_reent,
_impure_ptr,Variable,Other libraries and assets,not_bridged,_reent*,
abort,Function,Other libraries and assets,native_export_needs_arm_bridge,void,
aligned_free,Function,Other libraries and assets,not_bridged,void,void*
aligned_malloc,Function,Other libraries and assets,not_bridged,void*,"size_t, size_t"
args_char_to_hex,Function,Other libraries and assets,not_bridged,_Bool,"char, char, uint8_t*"
args_get_first_word_length,Function,Other libraries and assets,not_bridged,size_t,FuriString*
args_length,Function,Other libraries and assets,not_bridged,size_t,FuriString*
args_read_duration,Function,Other libraries and assets,not_bridged,_Bool,"FuriString*, uint32_t*, const char*"
args_read_float_and_trim,Function,Other libraries and assets,not_bridged,_Bool,"FuriString*, float*"
args_read_hex_bytes,Function,Other libraries and assets,not_bridged,_Bool,"FuriString*, uint8_t*, size_t"
args_read_int_and_trim,Function,Other libraries and assets,native_export_needs_arm_bridge,_Bool,"FuriString*, int*"
args_read_probably_quoted_string_and_trim,Function,Other libraries and assets,native_export_needs_arm_bridge,_Bool,"FuriString*, FuriString*"
args_read_string_and_trim,Function,Other libraries and assets,native_export_needs_arm_bridge,_Bool,"FuriString*, FuriString*"
atoi,Function,Other libraries and assets,native_export_needs_arm_bridge,int,const char*
bit_buffer_alloc,Function,Other libraries and assets,native_export_needs_arm_bridge,BitBuffer*,size_t
bit_buffer_append,Function,Other libraries and assets,not_bridged,void,"BitBuffer*, const BitBuffer*"
bit_buffer_append_bit,Function,Other libraries and assets,not_bridged,void,"BitBuffer*, _Bool"
bit_buffer_append_byte,Function,Other libraries and assets,native_export_needs_arm_bridge,void,"BitBuffer*, uint8_t"
bit_buffer_append_bytes,Function,Other libraries and assets,native_export_needs_arm_bridge,void,"BitBuffer*, const uint8_t*, size_t"
bit_buffer_append_right,Function,Other libraries and assets,not_bridged,void,"BitBuffer*, const BitBuffer*, size_t"
bit_buffer_copy,Function,Other libraries and assets,not_bridged,void,"BitBuffer*, const BitBuffer*"
bit_buffer_copy_bits,Function,Other libraries and assets,not_bridged,void,"BitBuffer*, const uint8_t*, size_t"
bit_buffer_copy_bytes,Function,Other libraries and assets,not_bridged,void,"BitBuffer*, const uint8_t*, size_t"
bit_buffer_copy_bytes_with_parity,Function,Other libraries and assets,not_bridged,void,"BitBuffer*, const uint8_t*, size_t"
bit_buffer_copy_left,Function,Other libraries and assets,not_bridged,void,"BitBuffer*, const BitBuffer*, size_t"
bit_buffer_copy_right,Function,Other libraries and assets,not_bridged,void,"BitBuffer*, const BitBuffer*, size_t"
bit_buffer_free,Function,Other libraries and assets,native_export_needs_arm_bridge,void,BitBuffer*
bit_buffer_get_byte,Function,Other libraries and assets,not_bridged,uint8_t,"const BitBuffer*, size_t"
bit_buffer_get_byte_from_bit,Function,Other libraries and assets,not_bridged,uint8_t,"const BitBuffer*, size_t"
bit_buffer_get_capacity_bytes,Function,Other libraries and assets,not_bridged,size_t,const BitBuffer*
bit_buffer_get_data,Function,Other libraries and assets,native_export_needs_arm_bridge,const uint8_t*,const BitBuffer*
bit_buffer_get_parity,Function,Other libraries and assets,not_bridged,const uint8_t*,const BitBuffer*
bit_buffer_get_size,Function,Other libraries and assets,not_bridged,size_t,const BitBuffer*
bit_buffer_get_size_bytes,Function,Other libraries and assets,native_export_needs_arm_bridge,size_t,const BitBuffer*
bit_buffer_has_partial_byte,Function,Other libraries and assets,not_bridged,_Bool,const BitBuffer*
bit_buffer_reset,Function,Other libraries and assets,native_export_needs_arm_bridge,void,BitBuffer*
bit_buffer_set_byte,Function,Other libraries and assets,not_bridged,void,"BitBuffer*, size_t, uint8_t"
bit_buffer_set_byte_with_parity,Function,Other libraries and assets,not_bridged,void,"BitBuffer*, size_t, uint8_t, _Bool"
bit_buffer_set_size,Function,Other libraries and assets,not_bridged,void,"BitBuffer*, size_t"
bit_buffer_set_size_bytes,Function,Other libraries and assets,not_bridged,void,"BitBuffer*, size_t"
bit_buffer_starts_with_byte,Function,Other libraries and assets,not_bridged,_Bool,"const BitBuffer*, uint8_t"
bit_buffer_write_bytes,Function,Other libraries and assets,not_bridged,void,"const BitBuffer*, void*, size_t"
bit_buffer_write_bytes_mid,Function,Other libraries and assets,not_bridged,void,"const BitBuffer*, void*, size_t, size_t"
bit_buffer_write_bytes_with_parity,Function,Other libraries and assets,not_bridged,void,"const BitBuffer*, void*, size_t, size_t*"
bit_lib_add_parity,Function,Other libraries and assets,not_bridged,size_t,"const uint8_t*, size_t, uint8_t*, size_t, uint8_t, uint8_t, BitLibParity"
bit_lib_bytes_to_num_bcd,Function,Other libraries and assets,native_export_needs_arm_bridge,uint64_t,"const uint8_t*, uint8_t, _Bool*"
bit_lib_bytes_to_num_be,Function,Other libraries and assets,native_export_needs_arm_bridge,uint64_t,"const uint8_t*, uint8_t"
bit_lib_bytes_to_num_le,Function,Other libraries and assets,native_export_needs_arm_bridge,uint64_t,"const uint8_t*, uint8_t"
bit_lib_copy_bits,Function,Other libraries and assets,not_bridged,void,"uint8_t*, size_t, size_t, const uint8_t*, size_t"
bit_lib_crc16,Function,Other libraries and assets,not_bridged,uint16_t,"const uint8_t*, size_t, uint16_t, uint16_t, _Bool, _Bool, uint16_t"
bit_lib_crc8,Function,Other libraries and assets,not_bridged,uint16_t,"const uint8_t*, size_t, uint8_t, uint8_t, _Bool, _Bool, uint8_t"
bit_lib_get_bit,Function,Other libraries and assets,not_bridged,_Bool,"const uint8_t*, size_t"
bit_lib_get_bit_count,Function,Other libraries and assets,not_bridged,uint8_t,uint32_t
bit_lib_get_bits,Function,Other libraries and assets,native_export_needs_arm_bridge,uint8_t,"const uint8_t*, size_t, uint8_t"
bit_lib_get_bits_16,Function,Other libraries and assets,native_export_needs_arm_bridge,uint16_t,"const uint8_t*, size_t, uint8_t"
bit_lib_get_bits_32,Function,Other libraries and assets,native_export_needs_arm_bridge,uint32_t,"const uint8_t*, size_t, uint8_t"
bit_lib_get_bits_64,Function,Other libraries and assets,native_export_needs_arm_bridge,uint64_t,"const uint8_t*, size_t, uint8_t"
bit_lib_num_to_bytes_be,Function,Other libraries and assets,native_export_needs_arm_bridge,void,"uint64_t, uint8_t, uint8_t*"
bit_lib_num_to_bytes_le,Function,Other libraries and assets,not_bridged,void,"uint64_t, uint8_t, uint8_t*"
bit_lib_print_bits,Function,Other libraries and assets,not_bridged,void,"const uint8_t*, size_t"
bit_lib_print_regions,Function,Other libraries and assets,not_bridged,void,"const BitLibRegion*, size_t, const uint8_t*, size_t"
bit_lib_push_bit,Function,Other libraries and assets,not_bridged,void,"uint8_t*, size_t, _Bool"
bit_lib_remove_bit_every_nth,Function,Other libraries and assets,not_bridged,size_t,"uint8_t*, size_t, uint8_t, uint8_t"
bit_lib_reverse_16_fast,Function,Other libraries and assets,not_bridged,uint16_t,uint16_t
bit_lib_reverse_8_fast,Function,Other libraries and assets,not_bridged,uint8_t,uint8_t
bit_lib_reverse_bits,Function,Other libraries and assets,not_bridged,void,"uint8_t*, size_t, uint8_t"
bit_lib_set_bit,Function,Other libraries and assets,not_bridged,void,"uint8_t*, size_t, _Bool"
bit_lib_set_bits,Function,Other libraries and assets,not_bridged,void,"uint8_t*, size_t, uint8_t, uint8_t"
bit_lib_test_parity,Function,Other libraries and assets,not_bridged,_Bool,"const uint8_t*, size_t, uint8_t, BitLibParity, uint8_t"
bit_lib_test_parity_32,Function,Other libraries and assets,not_bridged,_Bool,"uint32_t, BitLibParity"
ble_event_dispatcher_register_svc_handler,Function,Other libraries and assets,not_bridged,GapSvcEventHandler*,"BleSvcEventHandlerCb, void*"
ble_event_dispatcher_unregister_svc_handler,Function,Other libraries and assets,not_bridged,void,GapSvcEventHandler*
ble_gatt_characteristic_delete,Function,Other libraries and assets,not_bridged,void,"uint16_t, BleGattCharacteristicInstance*"
ble_gatt_characteristic_init,Function,Other libraries and assets,not_bridged,void,"uint16_t, const BleGattCharacteristicParams*, BleGattCharacteristicInstance*"
ble_gatt_characteristic_update,Function,Other libraries and assets,not_bridged,_Bool,"uint16_t, BleGattCharacteristicInstance*, const void*"
ble_gatt_service_add,Function,Other libraries and assets,not_bridged,_Bool,"uint8_t, const Service_UUID_t*, uint8_t, uint8_t, uint16_t*"
ble_gatt_service_delete,Function,Other libraries and assets,not_bridged,_Bool,uint16_t
ble_glue_force_c2_mode,Function,Other libraries and assets,not_bridged,BleGlueCommandResult,BleGlueC2Mode
ble_glue_get_c2_info,Function,Other libraries and assets,not_bridged,const BleGlueC2Info*,
ble_glue_init,Function,Other libraries and assets,not_bridged,void,
ble_glue_is_alive,Function,Other libraries and assets,not_bridged,_Bool,
ble_glue_is_radio_stack_ready,Function,Other libraries and assets,not_bridged,_Bool,
ble_glue_reinit_c2,Function,Other libraries and assets,not_bridged,_Bool,
ble_glue_set_key_storage_changed_callback,Function,Other libraries and assets,not_bridged,void,"BleGlueKeyStorageChangedCallback, void*"
ble_glue_wait_for_c2_start,Function,Other libraries and assets,not_bridged,_Bool,int32_t
ble_profile_serial,Variable,Other libraries and assets,not_bridged,const FuriHalBleProfileTemplate* const,
ble_profile_serial_notify_buffer_is_empty,Function,Other libraries and assets,native_export_needs_arm_bridge,void,FuriHalBleProfileBase*
ble_profile_serial_set_event_callback,Function,Other libraries and assets,native_export_needs_arm_bridge,void,"FuriHalBleProfileBase*, uint16_t, FuriHalBtSerialCallback, void*"
ble_profile_serial_set_rpc_active,Function,Other libraries and assets,native_export_needs_arm_bridge,void,"FuriHalBleProfileBase*, _Bool"
ble_profile_serial_tx,Function,Other libraries and assets,native_export_needs_arm_bridge,_Bool,"FuriHalBleProfileBase*, uint8_t*, uint16_t"
ble_svc_battery_start,Function,Other libraries and assets,not_bridged,BleServiceBattery*,_Bool
ble_svc_battery_state_update,Function,Other libraries and assets,not_bridged,void,"uint8_t*, _Bool*"
ble_svc_battery_stop,Function,Other libraries and assets,not_bridged,void,BleServiceBattery*
ble_svc_battery_update_level,Function,Other libraries and assets,not_bridged,_Bool,"BleServiceBattery*, uint8_t"
ble_svc_battery_update_power_state,Function,Other libraries and assets,not_bridged,_Bool,"BleServiceBattery*, _Bool"
ble_svc_dev_info_start,Function,Other libraries and assets,not_bridged,BleServiceDevInfo*,
ble_svc_dev_info_stop,Function,Other libraries and assets,not_bridged,void,BleServiceDevInfo*
ble_svc_serial_notify_buffer_is_empty,Function,Other libraries and assets,not_bridged,void,BleServiceSerial*
ble_svc_serial_set_callbacks,Function,Other libraries and assets,not_bridged,void,"BleServiceSerial*, uint16_t, SerialServiceEventCallback, void*"
ble_svc_serial_set_rpc_active,Function,Other libraries and assets,not_bridged,void,"BleServiceSerial*, _Bool"
ble_svc_serial_start,Function,Other libraries and assets,not_bridged,BleServiceSerial*,
ble_svc_serial_stop,Function,Other libraries and assets,not_bridged,void,BleServiceSerial*
ble_svc_serial_update_tx,Function,Other libraries and assets,not_bridged,_Bool,"BleServiceSerial*, uint8_t*, uint16_t"
bt_disconnect,Function,Other libraries and assets,native_export_needs_arm_bridge,void,Bt*
bt_forget_bonded_devices,Function,Other libraries and assets,not_bridged,void,Bt*
bt_keys_storage_alloc,Function,Other libraries and assets,not_bridged,BtKeysStorage*,const char*
bt_keys_storage_delete,Function,Other libraries and assets,not_bridged,_Bool,BtKeysStorage*
bt_keys_storage_free,Function,Other libraries and assets,not_bridged,void,BtKeysStorage*
bt_keys_storage_get_root_keys,Function,Other libraries and assets,not_bridged,const GapRootSecurityKeys*,BtKeysStorage*
bt_keys_storage_is_changed,Function,Other libraries and assets,not_bridged,_Bool,BtKeysStorage*
bt_keys_storage_load,Function,Other libraries and assets,not_bridged,_Bool,BtKeysStorage*
bt_keys_storage_set_default_path,Function,Other libraries and assets,native_export_needs_arm_bridge,void,Bt*
bt_keys_storage_set_file_path,Function,Other libraries and assets,not_bridged,void,"BtKeysStorage*, const char*"
bt_keys_storage_set_ram_params,Function,Other libraries and assets,not_bridged,void,"BtKeysStorage*, uint8_t*, uint16_t"
bt_keys_storage_set_storage_path,Function,Other libraries and assets,native_export_needs_arm_bridge,void,"Bt*, const char*"
bt_keys_storage_update,Function,Other libraries and assets,not_bridged,_Bool,"BtKeysStorage*, uint8_t*, uint32_t"
bt_profile_restore_default,Function,Other libraries and assets,native_export_needs_arm_bridge,_Bool,Bt*
bt_profile_start,Function,Other libraries and assets,native_export_needs_arm_bridge,FuriHalBleProfileBase*,"Bt*, const FuriHalBleProfileTemplate*, FuriHalBleProfileParams"
bt_set_status_changed_callback,Function,Other libraries and assets,native_export_needs_arm_bridge,void,"Bt*, BtStatusChangedCallback, void*"
buffered_file_stream_alloc,Function,Other libraries and assets,native_export_needs_arm_bridge,Stream*,Storage*
buffered_file_stream_close,Function,Other libraries and assets,native_export_needs_arm_bridge,_Bool,Stream*
buffered_file_stream_get_error,Function,Other libraries and assets,not_bridged,FS_Error,Stream*
buffered_file_stream_open,Function,Other libraries and assets,native_export_needs_arm_bridge,_Bool,"Stream*, const char*, FS_AccessMode, FS_OpenMode"
buffered_file_stream_sync,Function,Other libraries and assets,not_bridged,_Bool,Stream*
button_menu_add_item,Function,Other libraries and assets,not_bridged,ButtonMenuItem*,"ButtonMenu*, const char*, int32_t, ButtonMenuItemCallback, ButtonMenuItemType, void*"
button_menu_alloc,Function,Other libraries and assets,not_bridged,ButtonMenu*,
button_menu_free,Function,Other libraries and assets,not_bridged,void,ButtonMenu*
button_menu_get_view,Function,Other libraries and assets,not_bridged,View*,ButtonMenu*
button_menu_reset,Function,Other libraries and assets,not_bridged,void,ButtonMenu*
button_menu_set_header,Function,Other libraries and assets,not_bridged,void,"ButtonMenu*, const char*"
button_menu_set_selected_item,Function,Other libraries and assets,not_bridged,void,"ButtonMenu*, uint32_t"
button_panel_add_icon,Function,Other libraries and assets,not_bridged,void,"ButtonPanel*, uint16_t, uint16_t, const Icon*"
button_panel_add_item,Function,Other libraries and assets,not_bridged,void,"ButtonPanel*, uint32_t, uint16_t, uint16_t, uint16_t, uint16_t, const Icon*, const Icon*, ButtonItemCallback, void*"
button_panel_add_label,Function,Other libraries and assets,not_bridged,void,"ButtonPanel*, uint16_t, uint16_t, Font, const char*"
button_panel_alloc,Function,Other libraries and assets,not_bridged,ButtonPanel*,
button_panel_free,Function,Other libraries and assets,not_bridged,void,ButtonPanel*
button_panel_get_view,Function,Other libraries and assets,not_bridged,View*,ButtonPanel*
button_panel_reserve,Function,Other libraries and assets,not_bridged,void,"ButtonPanel*, size_t, size_t"
button_panel_reset,Function,Other libraries and assets,not_bridged,void,ButtonPanel*
byte_input_alloc,Function,Other libraries and assets,native_export_needs_arm_bridge,ByteInput*,
byte_input_free,Function,Other libraries and assets,native_export_needs_arm_bridge,void,ByteInput*
byte_input_get_view,Function,Other libraries and assets,native_export_needs_arm_bridge,View*,ByteInput*
byte_input_set_header_text,Function,Other libraries and assets,native_export_needs_arm_bridge,void,"ByteInput*, const char*"
byte_input_set_result_callback,Function,Other libraries and assets,native_export_needs_arm_bridge,void,"ByteInput*, ByteInputCallback, ByteChangedCallback, void*, uint8_t*, uint8_t"
calloc,Function,Other libraries and assets,native_export_needs_arm_bridge,void*,"size_t, size_t"
canvas_clear,Function,Drawing,bridged_subset,void,Canvas*
canvas_commit,Function,Drawing,not_bridged,void,Canvas*
canvas_current_font_height,Function,Drawing,native_export_needs_arm_bridge,size_t,const Canvas*
canvas_draw_bitmap,Function,Drawing,not_bridged,void,"Canvas*, int32_t, int32_t, size_t, size_t, const uint8_t*"
canvas_draw_box,Function,Drawing,bridged_subset,void,"Canvas*, int32_t, int32_t, size_t, size_t"
canvas_draw_circle,Function,Drawing,native_export_needs_arm_bridge,void,"Canvas*, int32_t, int32_t, size_t"
canvas_draw_disc,Function,Drawing,bridged_subset,void,"Canvas*, int32_t, int32_t, size_t"
canvas_draw_dot,Function,Drawing,native_export_needs_arm_bridge,void,"Canvas*, int32_t, int32_t"
canvas_draw_frame,Function,Drawing,bridged_subset,void,"Canvas*, int32_t, int32_t, size_t, size_t"
canvas_draw_glyph,Function,Drawing,native_export_needs_arm_bridge,void,"Canvas*, int32_t, int32_t, uint16_t"
canvas_draw_icon,Function,Drawing,bridged_subset,void,"Canvas*, int32_t, int32_t, const Icon*"
canvas_draw_icon_animation,Function,Drawing,native_export_needs_arm_bridge,void,"Canvas*, int32_t, int32_t, IconAnimation*"
canvas_draw_icon_ex,Function,Drawing,not_bridged,void,"Canvas*, int32_t, int32_t, const Icon*, IconRotation"
canvas_draw_line,Function,Drawing,bridged_subset,void,"Canvas*, int32_t, int32_t, int32_t, int32_t"
canvas_draw_rbox,Function,Drawing,native_export_needs_arm_bridge,void,"Canvas*, int32_t, int32_t, size_t, size_t, size_t"
canvas_draw_rframe,Function,Drawing,bridged_subset,void,"Canvas*, int32_t, int32_t, size_t, size_t, size_t"
canvas_draw_str,Function,Drawing,bridged_subset,void,"Canvas*, int32_t, int32_t, const char*"
canvas_draw_str_aligned,Function,Drawing,bridged_subset,void,"Canvas*, int32_t, int32_t, Align, Align, const char*"
canvas_draw_triangle,Function,Drawing,native_export_needs_arm_bridge,void,"Canvas*, int32_t, int32_t, size_t, size_t, CanvasDirection"
canvas_draw_xbm,Function,Drawing,native_export_needs_arm_bridge,void,"Canvas*, int32_t, int32_t, size_t, size_t, const uint8_t*"
canvas_draw_xbm_ex,Function,Drawing,not_bridged,void,"Canvas*, int32_t, int32_t, size_t, size_t, IconRotation, const uint8_t*"
canvas_get_buffer,Function,Drawing,not_bridged,uint8_t*,Canvas*
canvas_get_buffer_size,Function,Drawing,not_bridged,size_t,const Canvas*
canvas_get_font_params,Function,Drawing,not_bridged,const CanvasFontParameters*,"const Canvas*, Font"
canvas_glyph_width,Function,Drawing,native_export_needs_arm_bridge,size_t,"Canvas*, uint16_t"
canvas_height,Function,Drawing,native_export_needs_arm_bridge,size_t,const Canvas*
canvas_invert_color,Function,Drawing,native_export_needs_arm_bridge,void,Canvas*
canvas_reset,Function,Drawing,not_bridged,void,Canvas*
canvas_set_bitmap_mode,Function,Drawing,native_export_needs_arm_bridge,void,"Canvas*, _Bool"
canvas_set_color,Function,Drawing,bridged_subset,void,"Canvas*, Color"
canvas_set_custom_u8g2_font,Function,Drawing,native_export_needs_arm_bridge,void,"Canvas*, const uint8_t*"
canvas_set_font,Function,Drawing,bridged_subset,void,"Canvas*, Font"
canvas_set_font_direction,Function,Drawing,not_bridged,void,"Canvas*, CanvasDirection"
canvas_string_width,Function,Drawing,native_export_needs_arm_bridge,uint16_t,"Canvas*, const char*"
canvas_width,Function,Drawing,native_export_needs_arm_bridge,size_t,const Canvas*
cli_ansi_parser_alloc,Function,Other libraries and assets,not_bridged,CliAnsiParser*,
cli_ansi_parser_feed,Function,Other libraries and assets,not_bridged,CliAnsiParserResult,"CliAnsiParser*, char"
cli_ansi_parser_feed_timeout,Function,Other libraries and assets,not_bridged,CliAnsiParserResult,CliAnsiParser*
cli_ansi_parser_free,Function,Other libraries and assets,not_bridged,void,CliAnsiParser*
cli_is_pipe_broken_or_is_etx_next_char,Function,Other libraries and assets,native_export_needs_arm_bridge,_Bool,PipeSide*
cli_print_usage,Function,Other libraries and assets,not_bridged,void,"const char*, const char*, const char*"
cli_registry_add_command,Function,Other libraries and assets,native_export_needs_arm_bridge,void,"CliRegistry*, const char*, CliCommandFlag, CliCommandExecuteCallback, void*"
cli_registry_add_command_ex,Function,Other libraries and assets,not_bridged,void,"CliRegistry*, const char*, CliCommandFlag, CliCommandExecuteCallback, void*, size_t"
cli_registry_alloc,Function,Other libraries and assets,not_bridged,CliRegistry*,
cli_registry_delete_command,Function,Other libraries and assets,native_export_needs_arm_bridge,void,"CliRegistry*, const char*"
cli_registry_free,Function,Other libraries and assets,not_bridged,void,CliRegistry*
cli_registry_reload_external_commands,Function,Other libraries and assets,not_bridged,void,"CliRegistry*, const CliCommandExternalConfig*"
cli_registry_remove_external_commands,Function,Other libraries and assets,not_bridged,void,CliRegistry*
cli_shell_alloc,Function,Other libraries and assets,not_bridged,CliShell*,"CliShellMotd, void*, PipeSide*, CliRegistry*, const CliCommandExternalConfig*"
cli_shell_free,Function,Other libraries and assets,not_bridged,void,CliShell*
cli_shell_join,Function,Other libraries and assets,not_bridged,void,CliShell*
cli_shell_set_prompt,Function,Other libraries and assets,not_bridged,void,"CliShell*, const char*"
cli_shell_start,Function,Other libraries and assets,not_bridged,void,CliShell*
cli_sleep,Function,Other libraries and assets,not_bridged,_Bool,"PipeSide*, uint32_t"
cli_vcp_disable,Function,Other libraries and assets,not_bridged,void,CliVcp*
cli_vcp_enable,Function,Other libraries and assets,not_bridged,void,CliVcp*
composite_api_resolver_add,Function,Other libraries and assets,native_export_needs_arm_bridge,void,"CompositeApiResolver*, const ElfApiInterface*"
composite_api_resolver_alloc,Function,Other libraries and assets,native_export_needs_arm_bridge,CompositeApiResolver*,
composite_api_resolver_free,Function,Other libraries and assets,native_export_needs_arm_bridge,void,CompositeApiResolver*
composite_api_resolver_get,Function,Other libraries and assets,native_export_needs_arm_bridge,const ElfApiInterface*,CompositeApiResolver*
compress_alloc,Function,Other libraries and assets,native_export_needs_arm_bridge,Compress*,"CompressType, const void*"
compress_config_heatshrink_default,Variable,Other libraries and assets,not_bridged,const CompressConfigHeatshrink,
compress_decode,Function,Other libraries and assets,native_export_needs_arm_bridge,_Bool,"Compress*, uint8_t*, size_t, uint8_t*, size_t, size_t*"
compress_decode_streamed,Function,Other libraries and assets,not_bridged,_Bool,"Compress*, CompressIoCallback, void*, CompressIoCallback, void*"
compress_encode,Function,Other libraries and assets,native_export_needs_arm_bridge,_Bool,"Compress*, uint8_t*, size_t, uint8_t*, size_t, size_t*"
compress_free,Function,Other libraries and assets,native_export_needs_arm_bridge,void,Compress*
compress_icon_alloc,Function,Other libraries and assets,native_export_needs_arm_bridge,CompressIcon*,size_t
compress_icon_decode,Function,Other libraries and assets,native_export_needs_arm_bridge,void,"CompressIcon*, const uint8_t*, uint8_t**"
compress_icon_free,Function,Other libraries and assets,native_export_needs_arm_bridge,void,CompressIcon*
compress_stream_decoder_alloc,Function,Other libraries and assets,not_bridged,CompressStreamDecoder*,"CompressType, const void*, CompressIoCallback, void*"
compress_stream_decoder_free,Function,Other libraries and assets,not_bridged,void,CompressStreamDecoder*
compress_stream_decoder_read,Function,Other libraries and assets,not_bridged,_Bool,"CompressStreamDecoder*, uint8_t*, size_t"
compress_stream_decoder_rewind,Function,Other libraries and assets,not_bridged,_Bool,CompressStreamDecoder*
compress_stream_decoder_seek,Function,Other libraries and assets,not_bridged,_Bool,"CompressStreamDecoder*, size_t"
compress_stream_decoder_tell,Function,Other libraries and assets,not_bridged,size_t,CompressStreamDecoder*
crc32_calc_buffer,Function,Other libraries and assets,not_bridged,uint32_t,"uint32_t, const void*, size_t"
crc32_calc_file,Function,Other libraries and assets,not_bridged,uint32_t,"File*, const FileCrcProgressCb, void*"
crypto1_alloc,Function,Other libraries and assets,not_bridged,Crypto1*,
crypto1_bit,Function,Other libraries and assets,not_bridged,uint8_t,"Crypto1*, uint8_t, int"
crypto1_byte,Function,Other libraries and assets,not_bridged,uint8_t,"Crypto1*, uint8_t, int"
crypto1_decrypt,Function,Other libraries and assets,not_bridged,void,"Crypto1*, const BitBuffer*, BitBuffer*"
crypto1_decrypt_nt_enc,Function,Other libraries and assets,not_bridged,uint32_t,"uint32_t, uint32_t, MfClassicKey"
crypto1_encrypt,Function,Other libraries and assets,not_bridged,void,"Crypto1*, uint8_t*, const BitBuffer*, BitBuffer*"
crypto1_encrypt_reader_nonce,Function,Other libraries and assets,not_bridged,void,"Crypto1*, uint64_t, uint32_t, uint8_t*, uint8_t*, BitBuffer*, _Bool"
crypto1_free,Function,Other libraries and assets,not_bridged,void,Crypto1*
crypto1_init,Function,Other libraries and assets,not_bridged,void,"Crypto1*, uint64_t"
crypto1_is_weak_prng_nonce,Function,Other libraries and assets,not_bridged,_Bool,uint32_t
crypto1_lfsr_rollback_word,Function,Other libraries and assets,not_bridged,uint32_t,"Crypto1*, uint32_t, int"
crypto1_nonce_matches_encrypted_parity_bits,Function,Other libraries and assets,not_bridged,_Bool,"uint32_t, uint32_t, uint8_t"
crypto1_prng_successor,Function,Other libraries and assets,not_bridged,uint32_t,"uint32_t, uint32_t"
crypto1_reset,Function,Other libraries and assets,not_bridged,void,Crypto1*
crypto1_word,Function,Other libraries and assets,not_bridged,uint32_t,"Crypto1*, uint32_t, int"
date_time_input_alloc,Function,Other libraries and assets,not_bridged,DateTimeInput*,
date_time_input_free,Function,Other libraries and assets,not_bridged,void,DateTimeInput*
date_time_input_get_view,Function,Other libraries and assets,not_bridged,View*,DateTimeInput*
date_time_input_set_editable_fields,Function,Other libraries and assets,not_bridged,void,"DateTimeInput*, _Bool, _Bool, _Bool, _Bool, _Bool, _Bool"
date_time_input_set_result_callback,Function,Other libraries and assets,not_bridged,void,"DateTimeInput*, DateTimeChangedCallback, DateTimeDoneCallback, void*, DateTime*"
datetime_datetime_to_timestamp,Function,Other libraries and assets,native_export_needs_arm_bridge,uint32_t,DateTime*
datetime_get_days_per_month,Function,Other libraries and assets,native_export_needs_arm_bridge,uint8_t,"_Bool, uint8_t"
datetime_get_days_per_year,Function,Other libraries and assets,native_export_needs_arm_bridge,uint16_t,uint16_t
datetime_is_leap_year,Function,Other libraries and assets,native_export_needs_arm_bridge,_Bool,uint16_t
datetime_timestamp_to_datetime,Function,Other libraries and assets,native_export_needs_arm_bridge,void,"uint32_t, DateTime*"
datetime_validate_datetime,Function,Other libraries and assets,not_bridged,_Bool,DateTime*
dialog_ex_alloc,Function,GUI modules,native_export_needs_arm_bridge,DialogEx*,
dialog_ex_disable_extended_events,Function,GUI modules,not_bridged,void,DialogEx*
dialog_ex_enable_extended_events,Function,GUI modules,not_bridged,void,DialogEx*
dialog_ex_free,Function,GUI modules,native_export_needs_arm_bridge,void,DialogEx*
dialog_ex_get_view,Function,GUI modules,native_export_needs_arm_bridge,View*,DialogEx*
dialog_ex_reset,Function,GUI modules,native_export_needs_arm_bridge,void,DialogEx*
dialog_ex_set_center_button_text,Function,GUI modules,native_export_needs_arm_bridge,void,"DialogEx*, const char*"
dialog_ex_set_context,Function,GUI modules,native_export_needs_arm_bridge,void,"DialogEx*, void*"
dialog_ex_set_header,Function,GUI modules,native_export_needs_arm_bridge,void,"DialogEx*, const char*, uint8_t, uint8_t, Align, Align"
dialog_ex_set_icon,Function,GUI modules,native_export_needs_arm_bridge,void,"DialogEx*, uint8_t, uint8_t, const Icon*"
dialog_ex_set_left_button_text,Function,GUI modules,native_export_needs_arm_bridge,void,"DialogEx*, const char*"
dialog_ex_set_result_callback,Function,GUI modules,native_export_needs_arm_bridge,void,"DialogEx*, DialogExResultCallback"
dialog_ex_set_right_button_text,Function,GUI modules,native_export_needs_arm_bridge,void,"DialogEx*, const char*"
dialog_ex_set_text,Function,GUI modules,native_export_needs_arm_bridge,void,"DialogEx*, const char*, uint8_t, uint8_t, Align, Align"
dialog_file_browser_set_basic_options,Function,GUI modules,native_export_needs_arm_bridge,void,"DialogsFileBrowserOptions*, const char*, const Icon*"
dialog_file_browser_show,Function,GUI modules,native_export_needs_arm_bridge,_Bool,"DialogsApp*, FuriString*, FuriString*, const DialogsFileBrowserOptions*"
dialog_message_alloc,Function,GUI modules,native_export_needs_arm_bridge,DialogMessage*,
dialog_message_free,Function,GUI modules,native_export_needs_arm_bridge,void,DialogMessage*
dialog_message_set_buttons,Function,GUI modules,native_export_needs_arm_bridge,void,"DialogMessage*, const char*, const char*, const char*"
dialog_message_set_header,Function,GUI modules,native_export_needs_arm_bridge,void,"DialogMessage*, const char*, uint8_t, uint8_t, Align, Align"
dialog_message_set_icon,Function,GUI modules,native_export_needs_arm_bridge,void,"DialogMessage*, const Icon*, uint8_t, uint8_t"
dialog_message_set_text,Function,GUI modules,native_export_needs_arm_bridge,void,"DialogMessage*, const char*, uint8_t, uint8_t, Align, Align"
dialog_message_show,Function,GUI modules,native_export_needs_arm_bridge,DialogMessageButton,"DialogsApp*, const DialogMessage*"
dialog_message_show_storage_error,Function,GUI modules,native_export_needs_arm_bridge,void,"DialogsApp*, const char*"
digital_sequence_add_signal,Function,Other libraries and assets,not_bridged,void,"DigitalSequence*, uint8_t"
digital_sequence_register_signal,Function,Other libraries and assets,not_bridged,void,"DigitalSequence*, uint8_t, const DigitalSignal*"
digital_sequence_transmit,Function,Other libraries and assets,not_bridged,void,DigitalSequence*
digital_signal_add_period,Function,Other libraries and assets,not_bridged,void,"DigitalSignal*, uint32_t"
digital_signal_add_period_with_level,Function,Other libraries and assets,not_bridged,void,"DigitalSignal*, uint32_t, _Bool"
digital_signal_get_size,Function,Other libraries and assets,not_bridged,uint32_t,const DigitalSignal*
digital_signal_get_start_level,Function,Other libraries and assets,not_bridged,_Bool,const DigitalSignal*
digital_signal_set_start_level,Function,Other libraries and assets,not_bridged,void,"DigitalSignal*, _Bool"
dir_walk_alloc,Function,Other libraries and assets,native_export_needs_arm_bridge,DirWalk*,Storage*
dir_walk_close,Function,Other libraries and assets,not_bridged,void,DirWalk*
dir_walk_free,Function,Other libraries and assets,native_export_needs_arm_bridge,void,DirWalk*
dir_walk_get_error,Function,Other libraries and assets,not_bridged,FS_Error,DirWalk*
dir_walk_open,Function,Other libraries and assets,native_export_needs_arm_bridge,_Bool,"DirWalk*, const char*"
dir_walk_read,Function,Other libraries and assets,native_export_needs_arm_bridge,DirWalkResult,"DirWalk*, FuriString*, FileInfo*"
dir_walk_set_filter_cb,Function,Other libraries and assets,not_bridged,void,"DirWalk*, DirWalkFilterCb, void*"
dir_walk_set_recursive,Function,Other libraries and assets,native_export_needs_arm_bridge,void,"DirWalk*, _Bool"
dolphin_deed,Function,Other libraries and assets,native_export_needs_arm_bridge,void,DolphinDeed
dolphin_deed_get_app,Function,Other libraries and assets,not_bridged,DolphinApp,DolphinDeed
dolphin_deed_get_app_limit,Function,Other libraries and assets,not_bridged,uint8_t,DolphinApp
dolphin_deed_get_weight,Function,Other libraries and assets,not_bridged,uint8_t,DolphinDeed
dolphin_flush,Function,Other libraries and assets,not_bridged,void,Dolphin*
dolphin_get_pubsub,Function,Other libraries and assets,not_bridged,FuriPubSub*,Dolphin*
dolphin_get_settings,Function,Other libraries and assets,not_bridged,void,"Dolphin*, DolphinSettings*"
dolphin_set_settings,Function,Other libraries and assets,not_bridged,void,"Dolphin*, DolphinSettings*"
dolphin_stats,Function,Other libraries and assets,not_bridged,DolphinStats,Dolphin*
dolphin_upgrade_level,Function,Other libraries and assets,not_bridged,void,Dolphin*
elements_bold_rounded_frame,Function,Drawing,native_export_needs_arm_bridge,void,"Canvas*, int32_t, int32_t, size_t, size_t"
elements_bubble,Function,Drawing,native_export_needs_arm_bridge,void,"Canvas*, int32_t, int32_t, size_t, size_t"
elements_bubble_str,Function,Drawing,not_bridged,void,"Canvas*, int32_t, int32_t, const char*, Align, Align"
elements_button_center,Function,Drawing,native_export_needs_arm_bridge,void,"Canvas*, const char*"
elements_button_down,Function,Drawing,not_bridged,void,"Canvas*, const char*"
elements_button_left,Function,Drawing,native_export_needs_arm_bridge,void,"Canvas*, const char*"
elements_button_right,Function,Drawing,native_export_needs_arm_bridge,void,"Canvas*, const char*"
elements_button_up,Function,Drawing,not_bridged,void,"Canvas*, const char*"
elements_frame,Function,Drawing,native_export_needs_arm_bridge,void,"Canvas*, int32_t, int32_t, size_t, size_t"
elements_multiline_text,Function,Drawing,native_export_needs_arm_bridge,void,"Canvas*, int32_t, int32_t, const char*"
elements_multiline_text_aligned,Function,Drawing,native_export_needs_arm_bridge,void,"Canvas*, int32_t, int32_t, Align, Align, const char*"
elements_multiline_text_framed,Function,Drawing,not_bridged,void,"Canvas*, int32_t, int32_t, const char*"
elements_progress_bar,Function,Drawing,native_export_needs_arm_bridge,void,"Canvas*, int32_t, int32_t, size_t, float"
elements_progress_bar_with_text,Function,Drawing,not_bridged,void,"Canvas*, int32_t, int32_t, size_t, float, const char*"
elements_scrollable_text_line,Function,Drawing,native_export_needs_arm_bridge,void,"Canvas*, int32_t, int32_t, size_t, FuriString*, size_t, _Bool"
elements_scrollbar,Function,Drawing,not_bridged,void,"Canvas*, size_t, size_t"
elements_scrollbar_pos,Function,Drawing,native_export_needs_arm_bridge,void,"Canvas*, int32_t, int32_t, size_t, size_t, size_t"
elements_slightly_rounded_box,Function,Drawing,native_export_needs_arm_bridge,void,"Canvas*, int32_t, int32_t, size_t, size_t"
elements_slightly_rounded_frame,Function,Drawing,native_export_needs_arm_bridge,void,"Canvas*, int32_t, int32_t, size_t, size_t"
elements_string_fit_width,Function,Drawing,native_export_needs_arm_bridge,void,"Canvas*, FuriString*, size_t"
elements_text_box,Function,Drawing,native_export_needs_arm_bridge,void,"Canvas*, int32_t, int32_t, size_t, size_t, Align, Align, const char*, _Bool"
elf_resolve_from_hashtable,Function,Other libraries and assets,native_export_needs_arm_bridge,_Bool,"const ElfApiInterface*, uint32_t, Elf32_Addr*"
elf_symbolname_hash,Function,Other libraries and assets,not_bridged,uint32_t,const char*
em4305_write,Function,Other libraries and assets,not_bridged,void,LFRFIDEM4305*
empty_screen_alloc,Function,Other libraries and assets,not_bridged,EmptyScreen*,
empty_screen_free,Function,Other libraries and assets,not_bridged,void,EmptyScreen*
empty_screen_get_view,Function,Other libraries and assets,not_bridged,View*,EmptyScreen*
expansion_disable,Function,Other libraries and assets,not_bridged,void,Expansion*
expansion_enable,Function,Other libraries and assets,not_bridged,void,Expansion*
expansion_set_listen_serial,Function,Other libraries and assets,not_bridged,void,"Expansion*, FuriHalSerialId"
felica_alloc,Function,Other libraries and assets,not_bridged,FelicaData*,
felica_calculate_mac_read,Function,Other libraries and assets,not_bridged,void,"mbedtls_des3_context*, const uint8_t*, const uint8_t*, const uint8_t*, const uint8_t, const uint8_t*, uint8_t*"
felica_calculate_mac_write,Function,Other libraries and assets,not_bridged,void,"mbedtls_des3_context*, const uint8_t*, const uint8_t*, const uint8_t*, const uint8_t*, uint8_t*"
felica_calculate_session_key,Function,Other libraries and assets,not_bridged,void,"mbedtls_des3_context*, const uint8_t*, const uint8_t*, uint8_t*"
felica_check_mac,Function,Other libraries and assets,not_bridged,_Bool,"mbedtls_des3_context*, const uint8_t*, const uint8_t*, const uint8_t*, const uint8_t, uint8_t*"
felica_copy,Function,Other libraries and assets,not_bridged,void,"FelicaData*, const FelicaData*"
felica_crc_append,Function,Other libraries and assets,not_bridged,void,BitBuffer*
felica_crc_check,Function,Other libraries and assets,not_bridged,_Bool,const BitBuffer*
felica_crc_trim,Function,Other libraries and assets,not_bridged,void,BitBuffer*
felica_free,Function,Other libraries and assets,not_bridged,void,FelicaData*
felica_get_base_data,Function,Other libraries and assets,not_bridged,FelicaData*,const FelicaData*
felica_get_device_name,Function,Other libraries and assets,not_bridged,const char*,"const FelicaData*, NfcDeviceNameType"
felica_get_ic_name,Function,Other libraries and assets,not_bridged,void,"const FelicaData*, FuriString*"
felica_get_uid,Function,Other libraries and assets,not_bridged,const uint8_t*,"const FelicaData*, size_t*"
felica_get_workflow_type,Function,Other libraries and assets,not_bridged,void,FelicaData*
felica_is_equal,Function,Other libraries and assets,not_bridged,_Bool,"const FelicaData*, const FelicaData*"
felica_load,Function,Other libraries and assets,not_bridged,_Bool,"FelicaData*, FlipperFormat*, uint32_t"
felica_poller_activate,Function,Other libraries and assets,not_bridged,FelicaError,"FelicaPoller*, FelicaData*"
felica_poller_read_blocks,Function,Other libraries and assets,not_bridged,FelicaError,"FelicaPoller*, const uint8_t, const uint8_t* const, uint16_t, FelicaPollerReadCommandResponse** const"
felica_poller_sync_read,Function,Other libraries and assets,not_bridged,FelicaError,"Nfc*, FelicaData*, const FelicaCardKey*"
felica_reset,Function,Other libraries and assets,not_bridged,void,FelicaData*
felica_save,Function,Other libraries and assets,not_bridged,_Bool,"const FelicaData*, FlipperFormat*"
felica_service_get_attribute_string,Function,Other libraries and assets,not_bridged,void,"const FelicaService*, FuriString*"
felica_set_uid,Function,Other libraries and assets,not_bridged,_Bool,"FelicaData*, const uint8_t*, size_t"
felica_verify,Function,Other libraries and assets,not_bridged,_Bool,"FelicaData*, const FuriString*"
felica_write_directory_tree,Function,Other libraries and assets,not_bridged,void,"const FelicaSystem*, FuriString*"
file_browser_alloc,Function,Other libraries and assets,not_bridged,FileBrowser*,FuriString*
file_browser_configure,Function,Other libraries and assets,not_bridged,void,"FileBrowser*, const char*, const char*, _Bool, _Bool, const Icon*, _Bool"
file_browser_free,Function,Other libraries and assets,not_bridged,void,FileBrowser*
file_browser_get_view,Function,Other libraries and assets,not_bridged,View*,FileBrowser*
file_browser_set_callback,Function,Other libraries and assets,not_bridged,void,"FileBrowser*, FileBrowserCallback, void*"
file_browser_set_item_callback,Function,Other libraries and assets,not_bridged,void,"FileBrowser*, FileBrowserLoadItemCallback, void*"
file_browser_start,Function,Other libraries and assets,not_bridged,void,"FileBrowser*, FuriString*"
file_browser_stop,Function,Other libraries and assets,not_bridged,void,FileBrowser*
file_browser_worker_alloc,Function,Other libraries and assets,not_bridged,BrowserWorker*,"FuriString*, const char*, const char*, _Bool, _Bool"
file_browser_worker_folder_enter,Function,Other libraries and assets,not_bridged,void,"BrowserWorker*, FuriString*, int32_t"
file_browser_worker_folder_exit,Function,Other libraries and assets,not_bridged,void,BrowserWorker*
file_browser_worker_folder_refresh,Function,Other libraries and assets,not_bridged,void,"BrowserWorker*, int32_t"
file_browser_worker_free,Function,Other libraries and assets,not_bridged,void,BrowserWorker*
file_browser_worker_is_in_start_folder,Function,Other libraries and assets,not_bridged,_Bool,BrowserWorker*
file_browser_worker_load,Function,Other libraries and assets,not_bridged,void,"BrowserWorker*, uint32_t, uint32_t"
file_browser_worker_set_callback_context,Function,Other libraries and assets,not_bridged,void,"BrowserWorker*, void*"
file_browser_worker_set_config,Function,Other libraries and assets,not_bridged,void,"BrowserWorker*, FuriString*, const char*, _Bool, _Bool"
file_browser_worker_set_folder_callback,Function,Other libraries and assets,not_bridged,void,"BrowserWorker*, BrowserWorkerFolderOpenCallback"
file_browser_worker_set_item_callback,Function,Other libraries and assets,not_bridged,void,"BrowserWorker*, BrowserWorkerListItemCallback"
file_browser_worker_set_list_callback,Function,Other libraries and assets,not_bridged,void,"BrowserWorker*, BrowserWorkerListLoadCallback"
file_browser_worker_set_long_load_callback,Function,Other libraries and assets,not_bridged,void,"BrowserWorker*, BrowserWorkerLongLoadCallback"
file_info_is_dir,Function,Other libraries and assets,not_bridged,_Bool,const FileInfo*
file_stream_alloc,Function,Other libraries and assets,native_export_needs_arm_bridge,Stream*,Storage*
file_stream_close,Function,Other libraries and assets,native_export_needs_arm_bridge,_Bool,Stream*
file_stream_get_error,Function,Other libraries and assets,not_bridged,FS_Error,Stream*
file_stream_open,Function,Other libraries and assets,native_export_needs_arm_bridge,_Bool,"Stream*, const char*, FS_AccessMode, FS_OpenMode"
filesystem_api_error_get_desc,Function,Other libraries and assets,not_bridged,const char*,FS_Error
firmware_api_interface,Variable,Other libraries and assets,not_bridged,const ElfApiInterface* const,
flipper_application_alloc,Function,Other libraries and assets,native_export_needs_arm_bridge,FlipperApplication*,"Storage*, const ElfApiInterface*"
flipper_application_alloc_thread,Function,Other libraries and assets,not_bridged,FuriThread*,"FlipperApplication*, const char*"
flipper_application_free,Function,Other libraries and assets,native_export_needs_arm_bridge,void,FlipperApplication*
flipper_application_get_manifest,Function,Other libraries and assets,not_bridged,const FlipperApplicationManifest*,FlipperApplication*
flipper_application_is_plugin,Function,Other libraries and assets,native_export_needs_arm_bridge,_Bool,FlipperApplication*
flipper_application_load_name_and_icon,Function,Other libraries and assets,not_bridged,_Bool,"FuriString*, Storage*, uint8_t**, FuriString*"
flipper_application_load_status_to_string,Function,Other libraries and assets,not_bridged,const char*,FlipperApplicationLoadStatus
flipper_application_manifest_is_target_compatible,Function,Other libraries and assets,not_bridged,_Bool,const FlipperApplicationManifest*
flipper_application_manifest_is_too_new,Function,Other libraries and assets,not_bridged,_Bool,"const FlipperApplicationManifest*, const ElfApiInterface*"
flipper_application_manifest_is_too_old,Function,Other libraries and assets,not_bridged,_Bool,"const FlipperApplicationManifest*, const ElfApiInterface*"
flipper_application_manifest_is_valid,Function,Other libraries and assets,not_bridged,_Bool,const FlipperApplicationManifest*
flipper_application_map_to_memory,Function,Other libraries and assets,native_export_needs_arm_bridge,FlipperApplicationLoadStatus,FlipperApplication*
flipper_application_plugin_get_descriptor,Function,Other libraries and assets,native_export_needs_arm_bridge,const FlipperAppPluginDescriptor*,FlipperApplication*
flipper_application_preload,Function,Other libraries and assets,native_export_needs_arm_bridge,FlipperApplicationPreloadStatus,"FlipperApplication*, const char*"
flipper_application_preload_manifest,Function,Other libraries and assets,not_bridged,FlipperApplicationPreloadStatus,"FlipperApplication*, const char*"
flipper_application_preload_status_to_string,Function,Other libraries and assets,not_bridged,const char*,FlipperApplicationPreloadStatus
flipper_format_buffered_file_alloc,Function,Storage,native_export_needs_arm_bridge,FlipperFormat*,Storage*
flipper_format_buffered_file_close,Function,Storage,not_bridged,_Bool,FlipperFormat*
flipper_format_buffered_file_open_always,Function,Storage,not_bridged,_Bool,"FlipperFormat*, const char*"
flipper_format_buffered_file_open_existing,Function,Storage,native_export_needs_arm_bridge,_Bool,"FlipperFormat*, const char*"
flipper_format_delete_key,Function,Storage,not_bridged,_Bool,"FlipperFormat*, const char*"
flipper_format_file_alloc,Function,Storage,native_export_needs_arm_bridge,FlipperFormat*,Storage*
flipper_format_file_close,Function,Storage,native_export_needs_arm_bridge,_Bool,FlipperFormat*
flipper_format_file_open_always,Function,Storage,native_export_needs_arm_bridge,_Bool,"FlipperFormat*, const char*"
flipper_format_file_open_append,Function,Storage,native_export_needs_arm_bridge,_Bool,"FlipperFormat*, const char*"
flipper_format_file_open_existing,Function,Storage,native_export_needs_arm_bridge,_Bool,"FlipperFormat*, const char*"
flipper_format_file_open_new,Function,Storage,native_export_needs_arm_bridge,_Bool,"FlipperFormat*, const char*"
flipper_format_free,Function,Storage,native_export_needs_arm_bridge,void,FlipperFormat*
flipper_format_get_raw_stream,Function,Storage,native_export_needs_arm_bridge,Stream*,FlipperFormat*
flipper_format_get_value_count,Function,Storage,native_export_needs_arm_bridge,_Bool,"FlipperFormat*, const char*, uint32_t*"
flipper_format_insert_or_update_bool,Function,Storage,native_export_needs_arm_bridge,_Bool,"FlipperFormat*, const char*, const _Bool*, const uint16_t"
flipper_format_insert_or_update_float,Function,Storage,native_export_needs_arm_bridge,_Bool,"FlipperFormat*, const char*, const float*, const uint16_t"
flipper_format_insert_or_update_hex,Function,Storage,native_export_needs_arm_bridge,_Bool,"FlipperFormat*, const char*, const uint8_t*, const uint16_t"
flipper_format_insert_or_update_int32,Function,Storage,not_bridged,_Bool,"FlipperFormat*, const char*, const int32_t*, const uint16_t"
flipper_format_insert_or_update_string,Function,Storage,not_bridged,_Bool,"FlipperFormat*, const char*, FuriString*"
flipper_format_insert_or_update_string_cstr,Function,Storage,native_export_needs_arm_bridge,_Bool,"FlipperFormat*, const char*, const char*"
flipper_format_insert_or_update_uint32,Function,Storage,native_export_needs_arm_bridge,_Bool,"FlipperFormat*, const char*, const uint32_t*, const uint16_t"
flipper_format_key_exist,Function,Storage,not_bridged,_Bool,"FlipperFormat*, const char*"
flipper_format_read_bool,Function,Storage,native_export_needs_arm_bridge,_Bool,"FlipperFormat*, const char*, _Bool*, const uint16_t"
flipper_format_read_float,Function,Storage,native_export_needs_arm_bridge,_Bool,"FlipperFormat*, const char*, float*, const uint16_t"
flipper_format_read_header,Function,Storage,native_export_needs_arm_bridge,_Bool,"FlipperFormat*, FuriString*, uint32_t*"
flipper_format_read_hex,Function,Storage,native_export_needs_arm_bridge,_Bool,"FlipperFormat*, const char*, uint8_t*, const uint16_t"
flipper_format_read_hex_uint64,Function,Storage,not_bridged,_Bool,"FlipperFormat*, const char*, uint64_t*, const uint16_t"
flipper_format_read_int32,Function,Storage,native_export_needs_arm_bridge,_Bool,"FlipperFormat*, const char*, int32_t*, const uint16_t"
flipper_format_read_string,Function,Storage,native_export_needs_arm_bridge,_Bool,"FlipperFormat*, const char*, FuriString*"
flipper_format_read_uint32,Function,Storage,native_export_needs_arm_bridge,_Bool,"FlipperFormat*, const char*, uint32_t*, const uint16_t"
flipper_format_rewind,Function,Storage,native_export_needs_arm_bridge,_Bool,FlipperFormat*
flipper_format_seek,Function,Storage,not_bridged,_Bool,"FlipperFormat*, int32_t, FlipperFormatOffset"
flipper_format_seek_to_end,Function,Storage,native_export_needs_arm_bridge,_Bool,FlipperFormat*
flipper_format_set_strict_mode,Function,Storage,not_bridged,void,"FlipperFormat*, _Bool"
flipper_format_stream_delete_key_and_write,Function,Storage,not_bridged,_Bool,"Stream*, FlipperStreamWriteData*, _Bool"
flipper_format_stream_get_value_count,Function,Storage,not_bridged,_Bool,"Stream*, const char*, uint32_t*, _Bool"
flipper_format_stream_read_value_line,Function,Storage,not_bridged,_Bool,"Stream*, const char*, FlipperStreamValue, void*, size_t, _Bool"
flipper_format_stream_write_comment_cstr,Function,Storage,not_bridged,_Bool,"Stream*, const char*"
flipper_format_stream_write_value_line,Function,Storage,not_bridged,_Bool,"Stream*, FlipperStreamWriteData*"
flipper_format_string_alloc,Function,Storage,native_export_needs_arm_bridge,FlipperFormat*,
flipper_format_tell,Function,Storage,not_bridged,size_t,FlipperFormat*
flipper_format_update_bool,Function,Storage,not_bridged,_Bool,"FlipperFormat*, const char*, const _Bool*, const uint16_t"
flipper_format_update_float,Function,Storage,not_bridged,_Bool,"FlipperFormat*, const char*, const float*, const uint16_t"
flipper_format_update_hex,Function,Storage,native_export_needs_arm_bridge,_Bool,"FlipperFormat*, const char*, const uint8_t*, const uint16_t"
flipper_format_update_int32,Function,Storage,not_bridged,_Bool,"FlipperFormat*, const char*, const int32_t*, const uint16_t"
flipper_format_update_string,Function,Storage,not_bridged,_Bool,"FlipperFormat*, const char*, FuriString*"
flipper_format_update_string_cstr,Function,Storage,not_bridged,_Bool,"FlipperFormat*, const char*, const char*"
flipper_format_update_uint32,Function,Storage,native_export_needs_arm_bridge,_Bool,"FlipperFormat*, const char*, const uint32_t*, const uint16_t"
flipper_format_write_bool,Function,Storage,native_export_needs_arm_bridge,_Bool,"FlipperFormat*, const char*, const _Bool*, const uint16_t"
flipper_format_write_comment,Function,Storage,not_bridged,_Bool,"FlipperFormat*, FuriString*"
flipper_format_write_comment_cstr,Function,Storage,native_export_needs_arm_bridge,_Bool,"FlipperFormat*, const char*"
flipper_format_write_empty_line,Function,Storage,not_bridged,_Bool,FlipperFormat*
flipper_format_write_float,Function,Storage,native_export_needs_arm_bridge,_Bool,"FlipperFormat*, const char*, const float*, const uint16_t"
flipper_format_write_header,Function,Storage,not_bridged,_Bool,"FlipperFormat*, FuriString*, const uint32_t"
flipper_format_write_header_cstr,Function,Storage,native_export_needs_arm_bridge,_Bool,"FlipperFormat*, const char*, const uint32_t"
flipper_format_write_hex,Function,Storage,native_export_needs_arm_bridge,_Bool,"FlipperFormat*, const char*, const uint8_t*, const uint16_t"
flipper_format_write_hex_uint64,Function,Storage,not_bridged,_Bool,"FlipperFormat*, const char*, const uint64_t*, const uint16_t"
flipper_format_write_int32,Function,Storage,not_bridged,_Bool,"FlipperFormat*, const char*, const int32_t*, const uint16_t"
flipper_format_write_string,Function,Storage,native_export_needs_arm_bridge,_Bool,"FlipperFormat*, const char*, FuriString*"
flipper_format_write_string_cstr,Function,Storage,native_export_needs_arm_bridge,_Bool,"FlipperFormat*, const char*, const char*"
flipper_format_write_uint32,Function,Storage,native_export_needs_arm_bridge,_Bool,"FlipperFormat*, const char*, const uint32_t*, const uint16_t"
float_is_equal,Function,Other libraries and assets,not_bridged,_Bool,"float, float"
free,Function,Other libraries and assets,bridged_subset,void,void*
furi_delay_ms,Function,OS services,bridged_subset,void,uint32_t
furi_delay_tick,Function,OS services,native_export_needs_arm_bridge,void,uint32_t
furi_delay_until_tick,Function,OS services,not_bridged,FuriStatus,uint32_t
furi_delay_us,Function,OS services,not_bridged,void,uint32_t
furi_event_flag_alloc,Function,OS services,native_export_needs_arm_bridge,FuriEventFlag*,
furi_event_flag_clear,Function,OS services,not_bridged,uint32_t,"FuriEventFlag*, uint32_t"
furi_event_flag_free,Function,OS services,native_export_needs_arm_bridge,void,FuriEventFlag*
furi_event_flag_get,Function,OS services,not_bridged,uint32_t,FuriEventFlag*
furi_event_flag_set,Function,OS services,native_export_needs_arm_bridge,uint32_t,"FuriEventFlag*, uint32_t"
furi_event_flag_wait,Function,OS services,native_export_needs_arm_bridge,uint32_t,"FuriEventFlag*, uint32_t, uint32_t, uint32_t"
furi_event_loop_alloc,Function,OS services,not_bridged,FuriEventLoop*,
furi_event_loop_free,Function,OS services,not_bridged,void,FuriEventLoop*
furi_event_loop_is_subscribed,Function,OS services,not_bridged,_Bool,"FuriEventLoop*, FuriEventLoopObject*"
furi_event_loop_pend_callback,Function,OS services,not_bridged,void,"FuriEventLoop*, FuriEventLoopPendingCallback, void*"
furi_event_loop_run,Function,OS services,not_bridged,void,FuriEventLoop*
furi_event_loop_stop,Function,OS services,not_bridged,void,FuriEventLoop*
furi_event_loop_subscribe_event_flag,Function,OS services,not_bridged,void,"FuriEventLoop*, FuriEventFlag*, FuriEventLoopEvent, FuriEventLoopEventCallback, void*"
furi_event_loop_subscribe_message_queue,Function,OS services,not_bridged,void,"FuriEventLoop*, FuriMessageQueue*, FuriEventLoopEvent, FuriEventLoopEventCallback, void*"
furi_event_loop_subscribe_mutex,Function,OS services,not_bridged,void,"FuriEventLoop*, FuriMutex*, FuriEventLoopEvent, FuriEventLoopEventCallback, void*"
furi_event_loop_subscribe_semaphore,Function,OS services,not_bridged,void,"FuriEventLoop*, FuriSemaphore*, FuriEventLoopEvent, FuriEventLoopEventCallback, void*"
furi_event_loop_subscribe_stream_buffer,Function,OS services,not_bridged,void,"FuriEventLoop*, FuriStreamBuffer*, FuriEventLoopEvent, FuriEventLoopEventCallback, void*"
furi_event_loop_subscribe_thread_flags,Function,OS services,not_bridged,void,"FuriEventLoop*, FuriEventLoopThreadFlagsCallback, void*"
furi_event_loop_tick_set,Function,OS services,not_bridged,void,"FuriEventLoop*, uint32_t, FuriEventLoopTickCallback, void*"
furi_event_loop_timer_alloc,Function,OS services,not_bridged,FuriEventLoopTimer*,"FuriEventLoop*, FuriEventLoopTimerCallback, FuriEventLoopTimerType, void*"
furi_event_loop_timer_free,Function,OS services,not_bridged,void,FuriEventLoopTimer*
furi_event_loop_timer_get_interval,Function,OS services,not_bridged,uint32_t,const FuriEventLoopTimer*
furi_event_loop_timer_get_remaining_time,Function,OS services,not_bridged,uint32_t,const FuriEventLoopTimer*
furi_event_loop_timer_is_running,Function,OS services,not_bridged,_Bool,const FuriEventLoopTimer*
furi_event_loop_timer_restart,Function,OS services,not_bridged,void,FuriEventLoopTimer*
furi_event_loop_timer_start,Function,OS services,not_bridged,void,"FuriEventLoopTimer*, uint32_t"
furi_event_loop_timer_stop,Function,OS services,not_bridged,void,FuriEventLoopTimer*
furi_event_loop_unsubscribe,Function,OS services,not_bridged,void,"FuriEventLoop*, FuriEventLoopObject*"
furi_event_loop_unsubscribe_thread_flags,Function,OS services,not_bridged,void,FuriEventLoop*
furi_get_tick,Function,OS services,bridged_subset,uint32_t,
furi_hal_adc_acquire,Function,Hardware HAL,not_bridged,FuriHalAdcHandle*,
furi_hal_adc_configure,Function,Hardware HAL,not_bridged,void,FuriHalAdcHandle*
furi_hal_adc_configure_ex,Function,Hardware HAL,not_bridged,void,"FuriHalAdcHandle*, FuriHalAdcScale, FuriHalAdcClock, FuriHalAdcOversample, FuriHalAdcSamplingTime"
furi_hal_adc_convert_temp,Function,Hardware HAL,not_bridged,float,"FuriHalAdcHandle*, uint16_t"
furi_hal_adc_convert_to_voltage,Function,Hardware HAL,not_bridged,float,"FuriHalAdcHandle*, uint16_t"
furi_hal_adc_convert_vbat,Function,Hardware HAL,not_bridged,float,"FuriHalAdcHandle*, uint16_t"
furi_hal_adc_convert_vref,Function,Hardware HAL,not_bridged,float,"FuriHalAdcHandle*, uint16_t"
furi_hal_adc_init,Function,Hardware HAL,not_bridged,void,
furi_hal_adc_read,Function,Hardware HAL,not_bridged,uint16_t,"FuriHalAdcHandle*, FuriHalAdcChannel"
furi_hal_adc_release,Function,Hardware HAL,not_bridged,void,FuriHalAdcHandle*
furi_hal_bt_change_app,Function,Hardware HAL,not_bridged,FuriHalBleProfileBase*,"const FuriHalBleProfileTemplate*, FuriHalBleProfileParams, const GapRootSecurityKeys*, GapEventCallback, void*"
furi_hal_bt_check_profile_type,Function,Hardware HAL,not_bridged,_Bool,"FuriHalBleProfileBase*, const FuriHalBleProfileTemplate*"
furi_hal_bt_clear_white_list,Function,Hardware HAL,not_bridged,_Bool,
furi_hal_bt_dump_state,Function,Hardware HAL,not_bridged,void,FuriString*
furi_hal_bt_ensure_c2_mode,Function,Hardware HAL,not_bridged,_Bool,BleGlueC2Mode
furi_hal_bt_extra_beacon_get_config,Function,Hardware HAL,not_bridged,const GapExtraBeaconConfig*,
furi_hal_bt_extra_beacon_get_data,Function,Hardware HAL,not_bridged,uint8_t,uint8_t*
furi_hal_bt_extra_beacon_is_active,Function,Hardware HAL,native_export_needs_arm_bridge,_Bool,
furi_hal_bt_extra_beacon_set_config,Function,Hardware HAL,native_export_needs_arm_bridge,_Bool,const GapExtraBeaconConfig*
furi_hal_bt_extra_beacon_set_data,Function,Hardware HAL,native_export_needs_arm_bridge,_Bool,"const uint8_t*, uint8_t"
furi_hal_bt_extra_beacon_start,Function,Hardware HAL,native_export_needs_arm_bridge,_Bool,
furi_hal_bt_extra_beacon_stop,Function,Hardware HAL,native_export_needs_arm_bridge,_Bool,
furi_hal_bt_get_key_storage_buff,Function,Hardware HAL,not_bridged,void,"uint8_t**, uint16_t*"
furi_hal_bt_get_radio_stack,Function,Hardware HAL,not_bridged,FuriHalBtStack,
furi_hal_bt_get_rssi,Function,Hardware HAL,not_bridged,float,
furi_hal_bt_get_transmitted_packets,Function,Hardware HAL,not_bridged,uint32_t,
furi_hal_bt_is_active,Function,Hardware HAL,not_bridged,_Bool,
furi_hal_bt_is_alive,Function,Hardware HAL,not_bridged,_Bool,
furi_hal_bt_is_gatt_gap_supported,Function,Hardware HAL,not_bridged,_Bool,
furi_hal_bt_is_testing_supported,Function,Hardware HAL,not_bridged,_Bool,
furi_hal_bt_lock_core2,Function,Hardware HAL,not_bridged,void,
furi_hal_bt_nvm_sram_sem_acquire,Function,Hardware HAL,not_bridged,void,
furi_hal_bt_nvm_sram_sem_release,Function,Hardware HAL,not_bridged,void,
furi_hal_bt_reinit,Function,Hardware HAL,not_bridged,void,
furi_hal_bt_set_key_storage_change_callback,Function,Hardware HAL,not_bridged,void,"BleGlueKeyStorageChangedCallback, void*"
furi_hal_bt_start_advertising,Function,Hardware HAL,native_export_needs_arm_bridge,void,
furi_hal_bt_start_app,Function,Hardware HAL,not_bridged,FuriHalBleProfileBase*,"const FuriHalBleProfileTemplate*, FuriHalBleProfileParams, const GapRootSecurityKeys*, GapEventCallback, void*"
furi_hal_bt_start_packet_rx,Function,Hardware HAL,not_bridged,void,"uint8_t, uint8_t"
furi_hal_bt_start_packet_tx,Function,Hardware HAL,not_bridged,void,"uint8_t, uint8_t, uint8_t"
furi_hal_bt_start_radio_stack,Function,Hardware HAL,not_bridged,_Bool,
furi_hal_bt_start_rx,Function,Hardware HAL,not_bridged,void,uint8_t
furi_hal_bt_start_tone_tx,Function,Hardware HAL,not_bridged,void,"uint8_t, uint8_t"
furi_hal_bt_stop_advertising,Function,Hardware HAL,native_export_needs_arm_bridge,void,
furi_hal_bt_stop_packet_test,Function,Hardware HAL,not_bridged,uint16_t,
furi_hal_bt_stop_rx,Function,Hardware HAL,not_bridged,void,
furi_hal_bt_stop_tone_tx,Function,Hardware HAL,not_bridged,void,
furi_hal_bt_unlock_core2,Function,Hardware HAL,not_bridged,void,
furi_hal_bt_update_battery_level,Function,Hardware HAL,not_bridged,void,uint8_t
furi_hal_bt_update_power_state,Function,Hardware HAL,not_bridged,void,_Bool
furi_hal_bus_deinit_early,Function,Hardware HAL,not_bridged,void,
furi_hal_bus_disable,Function,Hardware HAL,not_bridged,void,FuriHalBus
furi_hal_bus_enable,Function,Hardware HAL,not_bridged,void,FuriHalBus
furi_hal_bus_init_early,Function,Hardware HAL,not_bridged,void,
furi_hal_bus_is_enabled,Function,Hardware HAL,not_bridged,_Bool,FuriHalBus
furi_hal_bus_reset,Function,Hardware HAL,not_bridged,void,FuriHalBus
furi_hal_cdc_get_ctrl_line_state,Function,Hardware HAL,not_bridged,uint8_t,uint8_t
furi_hal_cdc_get_port_settings,Function,Hardware HAL,not_bridged,usb_cdc_line_coding*,uint8_t
furi_hal_cdc_receive,Function,Hardware HAL,not_bridged,int32_t,"uint8_t, uint8_t*, uint16_t"
furi_hal_cdc_send,Function,Hardware HAL,not_bridged,void,"uint8_t, uint8_t*, uint16_t"
furi_hal_cdc_set_callbacks,Function,Hardware HAL,not_bridged,void,"uint8_t, CdcCallbacks*, void*"
furi_hal_clock_mco_disable,Function,Hardware HAL,not_bridged,void,
furi_hal_clock_mco_enable,Function,Hardware HAL,not_bridged,void,"FuriHalClockMcoSourceId, FuriHalClockMcoDivisorId"
furi_hal_cortex_comp_enable,Function,Hardware HAL,not_bridged,void,"FuriHalCortexComp, FuriHalCortexCompFunction, uint32_t, uint32_t, FuriHalCortexCompSize"
furi_hal_cortex_comp_reset,Function,Hardware HAL,not_bridged,void,FuriHalCortexComp
furi_hal_cortex_delay_us,Function,Hardware HAL,not_bridged,void,uint32_t
furi_hal_cortex_instructions_per_microsecond,Function,Hardware HAL,not_bridged,uint32_t,
furi_hal_cortex_timer_get,Function,Hardware HAL,not_bridged,FuriHalCortexTimer,uint32_t
furi_hal_cortex_timer_is_expired,Function,Hardware HAL,not_bridged,_Bool,FuriHalCortexTimer
furi_hal_cortex_timer_wait,Function,Hardware HAL,not_bridged,void,FuriHalCortexTimer
furi_hal_crypto_ctr,Function,Hardware HAL,not_bridged,_Bool,"const uint8_t*, const uint8_t*, const uint8_t*, uint8_t*, size_t"
furi_hal_crypto_decrypt,Function,Hardware HAL,native_export_needs_arm_bridge,_Bool,"const uint8_t*, uint8_t*, size_t"
furi_hal_crypto_enclave_ensure_key,Function,Hardware HAL,native_export_needs_arm_bridge,_Bool,uint8_t
furi_hal_crypto_enclave_load_key,Function,Hardware HAL,native_export_needs_arm_bridge,_Bool,"uint8_t, const uint8_t*"
furi_hal_crypto_enclave_store_key,Function,Hardware HAL,not_bridged,_Bool,"FuriHalCryptoKey*, uint8_t*"
furi_hal_crypto_enclave_unload_key,Function,Hardware HAL,native_export_needs_arm_bridge,_Bool,uint8_t
furi_hal_crypto_enclave_verify,Function,Hardware HAL,not_bridged,_Bool,"uint8_t*, uint8_t*"
furi_hal_crypto_encrypt,Function,Hardware HAL,native_export_needs_arm_bridge,_Bool,"const uint8_t*, uint8_t*, size_t"
furi_hal_crypto_gcm,Function,Hardware HAL,not_bridged,_Bool,"const uint8_t*, const uint8_t*, const uint8_t*, size_t, const uint8_t*, uint8_t*, size_t, uint8_t*, _Bool"
furi_hal_crypto_gcm_decrypt_and_verify,Function,Hardware HAL,not_bridged,FuriHalCryptoGCMState,"const uint8_t*, const uint8_t*, const uint8_t*, size_t, const uint8_t*, uint8_t*, size_t, const uint8_t*"
furi_hal_crypto_gcm_encrypt_and_tag,Function,Hardware HAL,not_bridged,FuriHalCryptoGCMState,"const uint8_t*, const uint8_t*, const uint8_t*, size_t, const uint8_t*, uint8_t*, size_t, uint8_t*"
furi_hal_crypto_load_key,Function,Hardware HAL,not_bridged,_Bool,"const uint8_t*, const uint8_t*"
furi_hal_crypto_unload_key,Function,Hardware HAL,not_bridged,_Bool,
furi_hal_debug_disable,Function,Hardware HAL,not_bridged,void,
furi_hal_debug_enable,Function,Hardware HAL,not_bridged,void,
furi_hal_debug_is_gdb_session_active,Function,Hardware HAL,not_bridged,_Bool,
furi_hal_dma_deinit_early,Function,Hardware HAL,not_bridged,void,
furi_hal_dma_init_early,Function,Hardware HAL,not_bridged,void,
furi_hal_gpio_add_int_callback,Function,Hardware HAL,not_bridged,void,"const GpioPin*, GpioExtiCallback, void*"
furi_hal_gpio_disable_int_callback,Function,Hardware HAL,not_bridged,void,const GpioPin*
furi_hal_gpio_enable_int_callback,Function,Hardware HAL,not_bridged,void,const GpioPin*
furi_hal_gpio_init,Function,Hardware HAL,native_export_needs_arm_bridge,void,"const GpioPin*, const GpioMode, const GpioPull, const GpioSpeed"
furi_hal_gpio_init_ex,Function,Hardware HAL,not_bridged,void,"const GpioPin*, const GpioMode, const GpioPull, const GpioSpeed, const GpioAltFn"
furi_hal_gpio_init_simple,Function,Hardware HAL,not_bridged,void,"const GpioPin*, const GpioMode"
furi_hal_gpio_remove_int_callback,Function,Hardware HAL,not_bridged,void,const GpioPin*
furi_hal_hid_consumer_key_press,Function,Hardware HAL,not_bridged,_Bool,uint16_t
furi_hal_hid_consumer_key_release,Function,Hardware HAL,not_bridged,_Bool,uint16_t
furi_hal_hid_consumer_key_release_all,Function,Hardware HAL,not_bridged,_Bool,
furi_hal_hid_get_led_state,Function,Hardware HAL,not_bridged,uint8_t,
furi_hal_hid_is_connected,Function,Hardware HAL,native_export_needs_arm_bridge,_Bool,
furi_hal_hid_kb_press,Function,Hardware HAL,native_export_needs_arm_bridge,_Bool,uint16_t
furi_hal_hid_kb_release,Function,Hardware HAL,native_export_needs_arm_bridge,_Bool,uint16_t
furi_hal_hid_kb_release_all,Function,Hardware HAL,native_export_needs_arm_bridge,_Bool,
furi_hal_hid_mouse_move,Function,Hardware HAL,not_bridged,_Bool,"int8_t, int8_t"
furi_hal_hid_mouse_press,Function,Hardware HAL,not_bridged,_Bool,uint8_t
furi_hal_hid_mouse_release,Function,Hardware HAL,not_bridged,_Bool,uint8_t
furi_hal_hid_mouse_scroll,Function,Hardware HAL,not_bridged,_Bool,int8_t
furi_hal_hid_set_state_callback,Function,Hardware HAL,not_bridged,void,"HidStateCallback, void*"
furi_hal_hid_u2f_get_request,Function,Hardware HAL,not_bridged,uint32_t,uint8_t*
furi_hal_hid_u2f_is_connected,Function,Hardware HAL,not_bridged,_Bool,
furi_hal_hid_u2f_send_response,Function,Hardware HAL,not_bridged,void,"uint8_t*, uint8_t"
furi_hal_hid_u2f_set_callback,Function,Hardware HAL,not_bridged,void,"HidU2fCallback, void*"
furi_hal_i2c_acquire,Function,Hardware HAL,not_bridged,void,const FuriHalI2cBusHandle*
furi_hal_i2c_bus_external,Variable,Hardware HAL,not_bridged,FuriHalI2cBus,
furi_hal_i2c_bus_power,Variable,Hardware HAL,not_bridged,FuriHalI2cBus,
furi_hal_i2c_handle_external,Variable,Hardware HAL,not_bridged,const FuriHalI2cBusHandle,
furi_hal_i2c_handle_power,Variable,Hardware HAL,not_bridged,const FuriHalI2cBusHandle,
furi_hal_i2c_is_device_ready,Function,Hardware HAL,not_bridged,_Bool,"const FuriHalI2cBusHandle*, uint8_t, uint32_t"
furi_hal_i2c_read_mem,Function,Hardware HAL,not_bridged,_Bool,"const FuriHalI2cBusHandle*, uint8_t, uint8_t, uint8_t*, size_t, uint32_t"
furi_hal_i2c_read_reg_16,Function,Hardware HAL,not_bridged,_Bool,"const FuriHalI2cBusHandle*, uint8_t, uint8_t, uint16_t*, uint32_t"
furi_hal_i2c_read_reg_8,Function,Hardware HAL,not_bridged,_Bool,"const FuriHalI2cBusHandle*, uint8_t, uint8_t, uint8_t*, uint32_t"
furi_hal_i2c_release,Function,Hardware HAL,not_bridged,void,const FuriHalI2cBusHandle*
furi_hal_i2c_rx,Function,Hardware HAL,not_bridged,_Bool,"const FuriHalI2cBusHandle*, uint8_t, uint8_t*, size_t, uint32_t"
furi_hal_i2c_rx_ext,Function,Hardware HAL,not_bridged,_Bool,"const FuriHalI2cBusHandle*, uint16_t, _Bool, uint8_t*, size_t, FuriHalI2cBegin, FuriHalI2cEnd, uint32_t"
furi_hal_i2c_trx,Function,Hardware HAL,not_bridged,_Bool,"const FuriHalI2cBusHandle*, uint8_t, const uint8_t*, size_t, uint8_t*, size_t, uint32_t"
furi_hal_i2c_tx,Function,Hardware HAL,not_bridged,_Bool,"const FuriHalI2cBusHandle*, uint8_t, const uint8_t*, size_t, uint32_t"
furi_hal_i2c_tx_ext,Function,Hardware HAL,not_bridged,_Bool,"const FuriHalI2cBusHandle*, uint16_t, _Bool, const uint8_t*, size_t, FuriHalI2cBegin, FuriHalI2cEnd, uint32_t"
furi_hal_i2c_write_mem,Function,Hardware HAL,not_bridged,_Bool,"const FuriHalI2cBusHandle*, uint8_t, uint8_t, const uint8_t*, size_t, uint32_t"
furi_hal_i2c_write_reg_16,Function,Hardware HAL,not_bridged,_Bool,"const FuriHalI2cBusHandle*, uint8_t, uint8_t, uint16_t, uint32_t"
furi_hal_i2c_write_reg_8,Function,Hardware HAL,not_bridged,_Bool,"const FuriHalI2cBusHandle*, uint8_t, uint8_t, uint8_t, uint32_t"
furi_hal_ibutton_emulate_set_next,Function,Hardware HAL,not_bridged,void,uint32_t
furi_hal_ibutton_emulate_start,Function,Hardware HAL,not_bridged,void,"uint32_t, FuriHalIbuttonEmulateCallback, void*"
furi_hal_ibutton_emulate_stop,Function,Hardware HAL,not_bridged,void,
furi_hal_ibutton_pin_configure,Function,Hardware HAL,not_bridged,void,
furi_hal_ibutton_pin_reset,Function,Hardware HAL,not_bridged,void,
furi_hal_ibutton_pin_write,Function,Hardware HAL,not_bridged,void,const _Bool
furi_hal_info_get,Function,Hardware HAL,not_bridged,void,"PropertyValueCallback, char, void*"
furi_hal_info_get_api_version,Function,Hardware HAL,not_bridged,void,"uint16_t*, uint16_t*"
furi_hal_infrared_async_rx_set_capture_isr_callback,Function,Hardware HAL,not_bridged,void,"FuriHalInfraredRxCaptureCallback, void*"
furi_hal_infrared_async_rx_set_timeout,Function,Hardware HAL,not_bridged,void,uint32_t
furi_hal_infrared_async_rx_set_timeout_isr_callback,Function,Hardware HAL,not_bridged,void,"FuriHalInfraredRxTimeoutCallback, void*"
furi_hal_infrared_async_rx_start,Function,Hardware HAL,not_bridged,void,
furi_hal_infrared_async_rx_stop,Function,Hardware HAL,not_bridged,void,
furi_hal_infrared_async_tx_set_data_isr_callback,Function,Hardware HAL,native_export_needs_arm_bridge,void,"FuriHalInfraredTxGetDataISRCallback, void*"
furi_hal_infrared_async_tx_set_signal_sent_isr_callback,Function,Hardware HAL,not_bridged,void,"FuriHalInfraredTxSignalSentISRCallback, void*"
furi_hal_infrared_async_tx_start,Function,Hardware HAL,native_export_needs_arm_bridge,void,"uint32_t, float"
furi_hal_infrared_async_tx_stop,Function,Hardware HAL,not_bridged,void,
furi_hal_infrared_async_tx_wait_termination,Function,Hardware HAL,native_export_needs_arm_bridge,void,
furi_hal_infrared_detect_tx_output,Function,Hardware HAL,native_export_needs_arm_bridge,FuriHalInfraredTxPin,
furi_hal_infrared_is_busy,Function,Hardware HAL,not_bridged,_Bool,
furi_hal_infrared_set_tx_output,Function,Hardware HAL,native_export_needs_arm_bridge,void,FuriHalInfraredTxPin
furi_hal_interrupt_get_name,Function,Hardware HAL,not_bridged,const char*,uint8_t
furi_hal_interrupt_get_time_in_isr_total,Function,Hardware HAL,not_bridged,uint32_t,
furi_hal_interrupt_set_isr,Function,Hardware HAL,not_bridged,void,"FuriHalInterruptId, FuriHalInterruptISR, void*"
furi_hal_interrupt_set_isr_ex,Function,Hardware HAL,not_bridged,void,"FuriHalInterruptId, FuriHalInterruptPriority, FuriHalInterruptISR, void*"
furi_hal_light_blink_set_color,Function,Hardware HAL,not_bridged,void,Light
furi_hal_light_blink_start,Function,Hardware HAL,not_bridged,void,"Light, uint8_t, uint16_t, uint16_t"
furi_hal_light_blink_stop,Function,Hardware HAL,not_bridged,void,
furi_hal_light_sequence,Function,Hardware HAL,not_bridged,void,const char*
furi_hal_light_set,Function,Hardware HAL,not_bridged,void,"Light, uint8_t"
furi_hal_memory_alloc,Function,Hardware HAL,not_bridged,void*,size_t
furi_hal_memory_get_free,Function,Hardware HAL,not_bridged,size_t,
furi_hal_memory_init,Function,Hardware HAL,not_bridged,void,
furi_hal_memory_max_pool_block,Function,Hardware HAL,not_bridged,size_t,
furi_hal_mpu_disable,Function,Hardware HAL,not_bridged,void,
furi_hal_mpu_enable,Function,Hardware HAL,not_bridged,void,
furi_hal_mpu_protect_disable,Function,Hardware HAL,not_bridged,void,FuriHalMpuRegion
furi_hal_mpu_protect_no_access,Function,Hardware HAL,not_bridged,void,"FuriHalMpuRegion, uint32_t, FuriHalMPURegionSize"
furi_hal_mpu_protect_read_only,Function,Hardware HAL,not_bridged,void,"FuriHalMpuRegion, uint32_t, FuriHalMPURegionSize"
furi_hal_nfc_abort,Function,Hardware HAL,not_bridged,FuriHalNfcError,
furi_hal_nfc_acquire,Function,Hardware HAL,native_export_needs_arm_bridge,FuriHalNfcError,
furi_hal_nfc_event_start,Function,Hardware HAL,not_bridged,FuriHalNfcError,
furi_hal_nfc_event_stop,Function,Hardware HAL,not_bridged,FuriHalNfcError,
furi_hal_nfc_felica_listener_set_sensf_res_data,Function,Hardware HAL,not_bridged,FuriHalNfcError,"const uint8_t*, const uint8_t, const uint8_t*, const uint8_t, const uint16_t"
furi_hal_nfc_field_detect_start,Function,Hardware HAL,native_export_needs_arm_bridge,FuriHalNfcError,
furi_hal_nfc_field_detect_stop,Function,Hardware HAL,native_export_needs_arm_bridge,FuriHalNfcError,
furi_hal_nfc_field_is_present,Function,Hardware HAL,native_export_needs_arm_bridge,_Bool,
furi_hal_nfc_init,Function,Hardware HAL,not_bridged,FuriHalNfcError,
furi_hal_nfc_is_hal_ready,Function,Hardware HAL,not_bridged,FuriHalNfcError,
furi_hal_nfc_iso14443a_listener_set_col_res_data,Function,Hardware HAL,not_bridged,FuriHalNfcError,"uint8_t*, uint8_t, uint8_t*, uint8_t"
furi_hal_nfc_iso14443a_listener_tx_custom_parity,Function,Hardware HAL,not_bridged,FuriHalNfcError,"const uint8_t*, const uint8_t*, size_t"
furi_hal_nfc_iso14443a_poller_trx_short_frame,Function,Hardware HAL,not_bridged,FuriHalNfcError,FuriHalNfcaShortFrame
furi_hal_nfc_iso14443a_poller_tx_custom_parity,Function,Hardware HAL,not_bridged,FuriHalNfcError,"const uint8_t*, size_t"
furi_hal_nfc_iso14443a_rx_sdd_frame,Function,Hardware HAL,not_bridged,FuriHalNfcError,"uint8_t*, size_t, size_t*"
furi_hal_nfc_iso14443a_tx_sdd_frame,Function,Hardware HAL,not_bridged,FuriHalNfcError,"const uint8_t*, size_t"
furi_hal_nfc_iso15693_listener_tx_sof,Function,Hardware HAL,not_bridged,FuriHalNfcError,
furi_hal_nfc_listener_enable_rx,Function,Hardware HAL,not_bridged,FuriHalNfcError,
furi_hal_nfc_listener_idle,Function,Hardware HAL,not_bridged,FuriHalNfcError,
furi_hal_nfc_listener_rx,Function,Hardware HAL,not_bridged,FuriHalNfcError,"uint8_t*, size_t, size_t*"
furi_hal_nfc_listener_sleep,Function,Hardware HAL,not_bridged,FuriHalNfcError,
furi_hal_nfc_listener_tx,Function,Hardware HAL,not_bridged,FuriHalNfcError,"const uint8_t*, size_t"
furi_hal_nfc_listener_wait_event,Function,Hardware HAL,not_bridged,FuriHalNfcEvent,uint32_t
furi_hal_nfc_low_power_mode_start,Function,Hardware HAL,not_bridged,FuriHalNfcError,
furi_hal_nfc_low_power_mode_stop,Function,Hardware HAL,not_bridged,FuriHalNfcError,
furi_hal_nfc_poller_field_on,Function,Hardware HAL,not_bridged,FuriHalNfcError,
furi_hal_nfc_poller_rx,Function,Hardware HAL,not_bridged,FuriHalNfcError,"uint8_t*, size_t, size_t*"
furi_hal_nfc_poller_tx,Function,Hardware HAL,not_bridged,FuriHalNfcError,"const uint8_t*, size_t"
furi_hal_nfc_poller_wait_event,Function,Hardware HAL,not_bridged,FuriHalNfcEvent,uint32_t
furi_hal_nfc_release,Function,Hardware HAL,native_export_needs_arm_bridge,FuriHalNfcError,
furi_hal_nfc_reset_mode,Function,Hardware HAL,not_bridged,FuriHalNfcError,
furi_hal_nfc_set_mode,Function,Hardware HAL,not_bridged,FuriHalNfcError,"FuriHalNfcMode, FuriHalNfcTech"
furi_hal_nfc_timer_block_tx_is_running,Function,Hardware HAL,not_bridged,_Bool,
furi_hal_nfc_timer_block_tx_start,Function,Hardware HAL,not_bridged,void,uint32_t
furi_hal_nfc_timer_block_tx_start_us,Function,Hardware HAL,not_bridged,void,uint32_t
furi_hal_nfc_timer_block_tx_stop,Function,Hardware HAL,not_bridged,void,
furi_hal_nfc_timer_fwt_start,Function,Hardware HAL,not_bridged,void,uint32_t
furi_hal_nfc_timer_fwt_stop,Function,Hardware HAL,not_bridged,void,
furi_hal_nfc_trx_reset,Function,Hardware HAL,not_bridged,FuriHalNfcError,
furi_hal_os_tick,Function,Hardware HAL,not_bridged,void,
furi_hal_power_check_otg_fault,Function,Hardware HAL,not_bridged,_Bool,
furi_hal_power_check_otg_status,Function,Hardware HAL,not_bridged,void,
furi_hal_power_debug_get,Function,Hardware HAL,not_bridged,void,"PropertyValueCallback, void*"
furi_hal_power_disable_external_3_3v,Function,Hardware HAL,not_bridged,void,
furi_hal_power_disable_otg,Function,Hardware HAL,native_export_needs_arm_bridge,void,
furi_hal_power_enable_external_3_3v,Function,Hardware HAL,not_bridged,void,
furi_hal_power_enable_otg,Function,Hardware HAL,native_export_needs_arm_bridge,_Bool,
furi_hal_power_gauge_is_ok,Function,Hardware HAL,not_bridged,_Bool,
furi_hal_power_get_bat_health_pct,Function,Hardware HAL,not_bridged,uint8_t,
furi_hal_power_get_battery_charge_voltage_limit,Function,Hardware HAL,not_bridged,float,
furi_hal_power_get_battery_current,Function,Hardware HAL,not_bridged,float,FuriHalPowerIC
furi_hal_power_get_battery_design_capacity,Function,Hardware HAL,not_bridged,uint32_t,
furi_hal_power_get_battery_full_capacity,Function,Hardware HAL,native_export_needs_arm_bridge,uint32_t,
furi_hal_power_get_battery_remaining_capacity,Function,Hardware HAL,native_export_needs_arm_bridge,uint32_t,
furi_hal_power_get_battery_temperature,Function,Hardware HAL,not_bridged,float,FuriHalPowerIC
furi_hal_power_get_battery_voltage,Function,Hardware HAL,not_bridged,float,FuriHalPowerIC
furi_hal_power_get_pct,Function,Hardware HAL,not_bridged,uint8_t,
furi_hal_power_get_usb_voltage,Function,Hardware HAL,not_bridged,float,
furi_hal_power_info_get,Function,Hardware HAL,not_bridged,void,"PropertyValueCallback, char, void*"
furi_hal_power_insomnia_enter,Function,Hardware HAL,native_export_needs_arm_bridge,void,
furi_hal_power_insomnia_exit,Function,Hardware HAL,native_export_needs_arm_bridge,void,
furi_hal_power_is_charging,Function,Hardware HAL,not_bridged,_Bool,
furi_hal_power_is_charging_done,Function,Hardware HAL,not_bridged,_Bool,
furi_hal_power_is_otg_enabled,Function,Hardware HAL,native_export_needs_arm_bridge,_Bool,
furi_hal_power_is_shutdown_requested,Function,Hardware HAL,not_bridged,_Bool,
furi_hal_power_off,Function,Hardware HAL,not_bridged,void,
furi_hal_power_reset,Function,Hardware HAL,not_bridged,void,
furi_hal_power_set_battery_charge_voltage_limit,Function,Hardware HAL,not_bridged,void,float
furi_hal_power_shutdown,Function,Hardware HAL,not_bridged,void,
furi_hal_power_sleep,Function,Hardware HAL,not_bridged,void,
furi_hal_power_sleep_available,Function,Hardware HAL,not_bridged,_Bool,
furi_hal_power_suppress_charge_enter,Function,Hardware HAL,native_export_needs_arm_bridge,void,
furi_hal_power_suppress_charge_exit,Function,Hardware HAL,native_export_needs_arm_bridge,void,
furi_hal_pwm_is_running,Function,Hardware HAL,not_bridged,_Bool,FuriHalPwmOutputId
furi_hal_pwm_set_params,Function,Hardware HAL,not_bridged,void,"FuriHalPwmOutputId, uint32_t, uint8_t"
furi_hal_pwm_start,Function,Hardware HAL,not_bridged,void,"FuriHalPwmOutputId, uint32_t, uint8_t"
furi_hal_pwm_stop,Function,Hardware HAL,not_bridged,void,FuriHalPwmOutputId
furi_hal_random_fill_buf,Function,Hardware HAL,native_export_needs_arm_bridge,void,"uint8_t*, uint32_t"
furi_hal_random_get,Function,Hardware HAL,bridged_subset,uint32_t,
furi_hal_random_init,Function,Hardware HAL,not_bridged,void,
furi_hal_region_get,Function,Hardware HAL,not_bridged,const FuriHalRegion*,
furi_hal_region_get_band,Function,Hardware HAL,not_bridged,const FuriHalRegionBand*,uint32_t
furi_hal_region_get_name,Function,Hardware HAL,not_bridged,const char*,
furi_hal_region_is_frequency_allowed,Function,Hardware HAL,not_bridged,_Bool,uint32_t
furi_hal_region_is_provisioned,Function,Hardware HAL,not_bridged,_Bool,
furi_hal_region_set,Function,Hardware HAL,not_bridged,void,FuriHalRegion*
furi_hal_resources_get_ext_pin_number,Function,Hardware HAL,not_bridged,int32_t,const GpioPin*
furi_hal_resources_pin_by_name,Function,Hardware HAL,not_bridged,const GpioPinRecord*,const char*
furi_hal_resources_pin_by_number,Function,Hardware HAL,not_bridged,const GpioPinRecord*,uint8_t
furi_hal_rfid_comp_set_callback,Function,Hardware HAL,not_bridged,void,"FuriHalRfidCompCallback, void*"
furi_hal_rfid_comp_start,Function,Hardware HAL,not_bridged,void,
furi_hal_rfid_comp_stop,Function,Hardware HAL,not_bridged,void,
furi_hal_rfid_field_detect_start,Function,Hardware HAL,native_export_needs_arm_bridge,void,
furi_hal_rfid_field_detect_stop,Function,Hardware HAL,native_export_needs_arm_bridge,void,
furi_hal_rfid_field_is_present,Function,Hardware HAL,native_export_needs_arm_bridge,_Bool,uint32_t*
furi_hal_rfid_pin_pull_pulldown,Function,Hardware HAL,not_bridged,void,
furi_hal_rfid_pin_pull_release,Function,Hardware HAL,not_bridged,void,
furi_hal_rfid_pins_reset,Function,Hardware HAL,not_bridged,void,
furi_hal_rfid_set_read_period,Function,Hardware HAL,not_bridged,void,uint32_t
furi_hal_rfid_set_read_pulse,Function,Hardware HAL,not_bridged,void,uint32_t
furi_hal_rfid_tim_emulate_dma_start,Function,Hardware HAL,not_bridged,void,"uint32_t*, uint32_t*, size_t, FuriHalRfidDMACallback, void*"
furi_hal_rfid_tim_emulate_dma_stop,Function,Hardware HAL,not_bridged,void,
furi_hal_rfid_tim_read_capture_start,Function,Hardware HAL,not_bridged,void,"FuriHalRfidReadCaptureCallback, void*"
furi_hal_rfid_tim_read_capture_stop,Function,Hardware HAL,not_bridged,void,
furi_hal_rfid_tim_read_continue,Function,Hardware HAL,not_bridged,void,
furi_hal_rfid_tim_read_pause,Function,Hardware HAL,not_bridged,void,
furi_hal_rfid_tim_read_start,Function,Hardware HAL,not_bridged,void,"float, float"
furi_hal_rfid_tim_read_stop,Function,Hardware HAL,not_bridged,void,
furi_hal_rtc_get_boot_mode,Function,Hardware HAL,not_bridged,FuriHalRtcBootMode,
furi_hal_rtc_get_datetime,Function,Hardware HAL,native_export_needs_arm_bridge,void,DateTime*
furi_hal_rtc_get_fault_data,Function,Hardware HAL,not_bridged,uint32_t,
furi_hal_rtc_get_heap_track_mode,Function,Hardware HAL,not_bridged,FuriHalRtcHeapTrackMode,
furi_hal_rtc_get_locale_dateformat,Function,Hardware HAL,not_bridged,FuriHalRtcLocaleDateFormat,
furi_hal_rtc_get_locale_timeformat,Function,Hardware HAL,not_bridged,FuriHalRtcLocaleTimeFormat,
furi_hal_rtc_get_locale_units,Function,Hardware HAL,native_export_needs_arm_bridge,FuriHalRtcLocaleUnits,
furi_hal_rtc_get_log_baud_rate,Function,Hardware HAL,not_bridged,FuriHalRtcLogBaudRate,
furi_hal_rtc_get_log_device,Function,Hardware HAL,not_bridged,FuriHalRtcLogDevice,
furi_hal_rtc_get_log_level,Function,Hardware HAL,not_bridged,uint8_t,
furi_hal_rtc_get_pin_fails,Function,Hardware HAL,not_bridged,uint32_t,
furi_hal_rtc_get_register,Function,Hardware HAL,not_bridged,uint32_t,FuriHalRtcRegister
furi_hal_rtc_get_timestamp,Function,Hardware HAL,native_export_needs_arm_bridge,uint32_t,
furi_hal_rtc_is_flag_set,Function,Hardware HAL,native_export_needs_arm_bridge,_Bool,FuriHalRtcFlag
furi_hal_rtc_reset_flag,Function,Hardware HAL,not_bridged,void,FuriHalRtcFlag
furi_hal_rtc_reset_registers,Function,Hardware HAL,not_bridged,void,
furi_hal_rtc_set_boot_mode,Function,Hardware HAL,not_bridged,void,FuriHalRtcBootMode
furi_hal_rtc_set_datetime,Function,Hardware HAL,not_bridged,void,DateTime*
furi_hal_rtc_set_fault_data,Function,Hardware HAL,not_bridged,void,uint32_t
furi_hal_rtc_set_flag,Function,Hardware HAL,not_bridged,void,FuriHalRtcFlag
furi_hal_rtc_set_heap_track_mode,Function,Hardware HAL,not_bridged,void,FuriHalRtcHeapTrackMode
furi_hal_rtc_set_locale_dateformat,Function,Hardware HAL,not_bridged,void,FuriHalRtcLocaleDateFormat
furi_hal_rtc_set_locale_timeformat,Function,Hardware HAL,not_bridged,void,FuriHalRtcLocaleTimeFormat
furi_hal_rtc_set_locale_units,Function,Hardware HAL,not_bridged,void,FuriHalRtcLocaleUnits
furi_hal_rtc_set_log_baud_rate,Function,Hardware HAL,not_bridged,void,FuriHalRtcLogBaudRate
furi_hal_rtc_set_log_device,Function,Hardware HAL,not_bridged,void,FuriHalRtcLogDevice
furi_hal_rtc_set_log_level,Function,Hardware HAL,not_bridged,void,uint8_t
furi_hal_rtc_set_pin_fails,Function,Hardware HAL,not_bridged,void,uint32_t
furi_hal_rtc_set_register,Function,Hardware HAL,not_bridged,void,"FuriHalRtcRegister, uint32_t"
furi_hal_rtc_sync_shadow,Function,Hardware HAL,not_bridged,void,
furi_hal_sd_get_card_state,Function,Hardware HAL,not_bridged,FuriStatus,
furi_hal_sd_info,Function,Hardware HAL,not_bridged,FuriStatus,FuriHalSdInfo*
furi_hal_sd_init,Function,Hardware HAL,not_bridged,FuriStatus,_Bool
furi_hal_sd_is_present,Function,Hardware HAL,not_bridged,_Bool,
furi_hal_sd_max_mount_retry_count,Function,Hardware HAL,not_bridged,uint8_t,
furi_hal_sd_presence_init,Function,Hardware HAL,not_bridged,void,
furi_hal_sd_read_blocks,Function,Hardware HAL,not_bridged,FuriStatus,"uint32_t*, uint32_t, uint32_t"
furi_hal_sd_write_blocks,Function,Hardware HAL,not_bridged,FuriStatus,"const uint32_t*, uint32_t, uint32_t"
furi_hal_serial_async_rx,Function,Hardware HAL,not_bridged,uint8_t,FuriHalSerialHandle*
furi_hal_serial_async_rx_available,Function,Hardware HAL,not_bridged,_Bool,FuriHalSerialHandle*
furi_hal_serial_async_rx_start,Function,Hardware HAL,not_bridged,void,"FuriHalSerialHandle*, FuriHalSerialAsyncRxCallback, void*, _Bool"
furi_hal_serial_async_rx_stop,Function,Hardware HAL,not_bridged,void,FuriHalSerialHandle*
furi_hal_serial_configure_framing,Function,Hardware HAL,not_bridged,void,"FuriHalSerialHandle*, FuriHalSerialDataBits, FuriHalSerialParity, FuriHalSerialStopBits"
furi_hal_serial_control_acquire,Function,Hardware HAL,not_bridged,FuriHalSerialHandle*,FuriHalSerialId
furi_hal_serial_control_deinit,Function,Hardware HAL,not_bridged,void,
furi_hal_serial_control_init,Function,Hardware HAL,not_bridged,void,
furi_hal_serial_control_is_busy,Function,Hardware HAL,not_bridged,_Bool,FuriHalSerialId
furi_hal_serial_control_release,Function,Hardware HAL,not_bridged,void,FuriHalSerialHandle*
furi_hal_serial_control_set_expansion_callback,Function,Hardware HAL,not_bridged,void,"FuriHalSerialId, FuriHalSerialControlExpansionCallback, void*"
furi_hal_serial_control_set_logging_config,Function,Hardware HAL,not_bridged,void,"FuriHalSerialId, uint32_t"
furi_hal_serial_deinit,Function,Hardware HAL,not_bridged,void,FuriHalSerialHandle*
furi_hal_serial_disable_direction,Function,Hardware HAL,not_bridged,void,"FuriHalSerialHandle*, FuriHalSerialDirection"
furi_hal_serial_dma_rx,Function,Hardware HAL,not_bridged,size_t,"FuriHalSerialHandle*, uint8_t*, size_t"
furi_hal_serial_dma_rx_start,Function,Hardware HAL,not_bridged,void,"FuriHalSerialHandle*, FuriHalSerialDmaRxCallback, void*, _Bool"
furi_hal_serial_dma_rx_stop,Function,Hardware HAL,not_bridged,void,FuriHalSerialHandle*
furi_hal_serial_enable_direction,Function,Hardware HAL,not_bridged,void,"FuriHalSerialHandle*, FuriHalSerialDirection"
furi_hal_serial_get_gpio_pin,Function,Hardware HAL,not_bridged,const GpioPin*,"FuriHalSerialHandle*, FuriHalSerialDirection"
furi_hal_serial_init,Function,Hardware HAL,not_bridged,void,"FuriHalSerialHandle*, uint32_t"
furi_hal_serial_is_baud_rate_supported,Function,Hardware HAL,not_bridged,_Bool,"FuriHalSerialHandle*, uint32_t"
furi_hal_serial_resume,Function,Hardware HAL,not_bridged,void,FuriHalSerialHandle*
furi_hal_serial_set_br,Function,Hardware HAL,not_bridged,void,"FuriHalSerialHandle*, uint32_t"
furi_hal_serial_suspend,Function,Hardware HAL,not_bridged,void,FuriHalSerialHandle*
furi_hal_serial_tx,Function,Hardware HAL,not_bridged,void,"FuriHalSerialHandle*, const uint8_t*, size_t"
furi_hal_serial_tx_wait_complete,Function,Hardware HAL,not_bridged,void,FuriHalSerialHandle*
furi_hal_speaker_acquire,Function,Hardware HAL,native_export_needs_arm_bridge,_Bool,uint32_t
furi_hal_speaker_is_mine,Function,Hardware HAL,native_export_needs_arm_bridge,_Bool,
furi_hal_speaker_release,Function,Hardware HAL,native_export_needs_arm_bridge,void,
furi_hal_speaker_set_volume,Function,Hardware HAL,not_bridged,void,float
furi_hal_speaker_start,Function,Hardware HAL,native_export_needs_arm_bridge,void,"float, float"
furi_hal_speaker_stop,Function,Hardware HAL,native_export_needs_arm_bridge,void,
furi_hal_spi_acquire,Function,Hardware HAL,native_export_needs_arm_bridge,void,const FuriHalSpiBusHandle*
furi_hal_spi_bus_d,Variable,Hardware HAL,not_bridged,FuriHalSpiBus,
furi_hal_spi_bus_deinit,Function,Hardware HAL,not_bridged,void,FuriHalSpiBus*
furi_hal_spi_bus_handle_deinit,Function,Hardware HAL,native_export_needs_arm_bridge,void,const FuriHalSpiBusHandle*
furi_hal_spi_bus_handle_display,Variable,Hardware HAL,not_bridged,const FuriHalSpiBusHandle,
furi_hal_spi_bus_handle_external,Variable,Hardware HAL,not_bridged,const FuriHalSpiBusHandle,
furi_hal_spi_bus_handle_init,Function,Hardware HAL,native_export_needs_arm_bridge,void,const FuriHalSpiBusHandle*
furi_hal_spi_bus_handle_nfc,Variable,Hardware HAL,not_bridged,const FuriHalSpiBusHandle,
furi_hal_spi_bus_handle_sd_fast,Variable,Hardware HAL,not_bridged,const FuriHalSpiBusHandle,
furi_hal_spi_bus_handle_sd_slow,Variable,Hardware HAL,not_bridged,const FuriHalSpiBusHandle,
furi_hal_spi_bus_handle_subghz,Variable,Hardware HAL,not_bridged,const FuriHalSpiBusHandle,
furi_hal_spi_bus_init,Function,Hardware HAL,not_bridged,void,FuriHalSpiBus*
furi_hal_spi_bus_r,Variable,Hardware HAL,not_bridged,FuriHalSpiBus,
furi_hal_spi_bus_rx,Function,Hardware HAL,not_bridged,_Bool,"const FuriHalSpiBusHandle*, uint8_t*, size_t, uint32_t"
furi_hal_spi_bus_trx,Function,Hardware HAL,native_export_needs_arm_bridge,_Bool,"const FuriHalSpiBusHandle*, const uint8_t*, uint8_t*, size_t, uint32_t"
furi_hal_spi_bus_trx_dma,Function,Hardware HAL,not_bridged,_Bool,"const FuriHalSpiBusHandle*, uint8_t*, uint8_t*, size_t, uint32_t"
furi_hal_spi_bus_tx,Function,Hardware HAL,not_bridged,_Bool,"const FuriHalSpiBusHandle*, const uint8_t*, size_t, uint32_t"
furi_hal_spi_preset_1edge_low_16m,Variable,Hardware HAL,not_bridged,const LL_SPI_InitTypeDef,
furi_hal_spi_preset_1edge_low_2m,Variable,Hardware HAL,not_bridged,const LL_SPI_InitTypeDef,
furi_hal_spi_preset_1edge_low_4m,Variable,Hardware HAL,not_bridged,const LL_SPI_InitTypeDef,
furi_hal_spi_preset_1edge_low_8m,Variable,Hardware HAL,not_bridged,const LL_SPI_InitTypeDef,
furi_hal_spi_preset_2edge_low_8m,Variable,Hardware HAL,not_bridged,const LL_SPI_InitTypeDef,
furi_hal_spi_release,Function,Hardware HAL,native_export_needs_arm_bridge,void,const FuriHalSpiBusHandle*
furi_hal_subghz_flush_rx,Function,Hardware HAL,not_bridged,void,
furi_hal_subghz_flush_tx,Function,Hardware HAL,not_bridged,void,
furi_hal_subghz_get_data_gpio,Function,Hardware HAL,not_bridged,const GpioPin*,
furi_hal_subghz_get_lqi,Function,Hardware HAL,not_bridged,uint8_t,
furi_hal_subghz_get_rssi,Function,Hardware HAL,not_bridged,float,
furi_hal_subghz_idle,Function,Hardware HAL,not_bridged,void,
furi_hal_subghz_is_async_tx_complete,Function,Hardware HAL,not_bridged,_Bool,
furi_hal_subghz_is_frequency_valid,Function,Hardware HAL,not_bridged,_Bool,uint32_t
furi_hal_subghz_is_rx_data_crc_valid,Function,Hardware HAL,not_bridged,_Bool,
furi_hal_subghz_load_custom_preset,Function,Hardware HAL,not_bridged,void,const uint8_t*
furi_hal_subghz_load_patable,Function,Hardware HAL,not_bridged,void,const uint8_t[8]
furi_hal_subghz_load_registers,Function,Hardware HAL,not_bridged,void,const uint8_t*
furi_hal_subghz_read_packet,Function,Hardware HAL,not_bridged,void,"uint8_t*, uint8_t*"
furi_hal_subghz_reset,Function,Hardware HAL,not_bridged,void,
furi_hal_subghz_rx,Function,Hardware HAL,not_bridged,void,
furi_hal_subghz_rx_pipe_not_empty,Function,Hardware HAL,not_bridged,_Bool,
furi_hal_subghz_set_async_mirror_pin,Function,Hardware HAL,not_bridged,void,const GpioPin*
furi_hal_subghz_set_frequency,Function,Hardware HAL,not_bridged,uint32_t,uint32_t
furi_hal_subghz_set_frequency_and_path,Function,Hardware HAL,not_bridged,uint32_t,uint32_t
furi_hal_subghz_set_path,Function,Hardware HAL,not_bridged,void,FuriHalSubGhzPath
furi_hal_subghz_shutdown,Function,Hardware HAL,not_bridged,void,
furi_hal_subghz_sleep,Function,Hardware HAL,not_bridged,void,
furi_hal_subghz_start_async_rx,Function,Hardware HAL,not_bridged,void,"FuriHalSubGhzCaptureCallback, void*"
furi_hal_subghz_start_async_tx,Function,Hardware HAL,not_bridged,_Bool,"FuriHalSubGhzAsyncTxCallback, void*"
furi_hal_subghz_stop_async_rx,Function,Hardware HAL,not_bridged,void,
furi_hal_subghz_stop_async_tx,Function,Hardware HAL,not_bridged,void,
furi_hal_subghz_tx,Function,Hardware HAL,not_bridged,_Bool,
furi_hal_subghz_write_packet,Function,Hardware HAL,not_bridged,void,"const uint8_t*, uint8_t"
furi_hal_switch,Function,Hardware HAL,not_bridged,void,void*
furi_hal_usb_disable,Function,Hardware HAL,not_bridged,void,
furi_hal_usb_enable,Function,Hardware HAL,not_bridged,void,
furi_hal_usb_get_config,Function,Hardware HAL,native_export_needs_arm_bridge,FuriHalUsbInterface*,
furi_hal_usb_is_locked,Function,Hardware HAL,not_bridged,_Bool,
furi_hal_usb_lock,Function,Hardware HAL,not_bridged,void,
furi_hal_usb_reinit,Function,Hardware HAL,not_bridged,void,
furi_hal_usb_set_config,Function,Hardware HAL,native_export_needs_arm_bridge,_Bool,"FuriHalUsbInterface*, void*"
furi_hal_usb_set_state_callback,Function,Hardware HAL,not_bridged,void,"FuriHalUsbStateCallback, void*"
furi_hal_usb_unlock,Function,Hardware HAL,native_export_needs_arm_bridge,void,
furi_hal_version_do_i_belong_here,Function,Hardware HAL,not_bridged,_Bool,
furi_hal_version_get_ble_local_device_name_ptr,Function,Hardware HAL,not_bridged,const char*,
furi_hal_version_get_ble_mac,Function,Hardware HAL,not_bridged,const uint8_t*,
furi_hal_version_get_device_name_ptr,Function,Hardware HAL,not_bridged,const char*,
furi_hal_version_get_fcc_id,Function,Hardware HAL,not_bridged,const char*,
furi_hal_version_get_firmware_version,Function,Hardware HAL,not_bridged,const Version*,
furi_hal_version_get_hw_body,Function,Hardware HAL,not_bridged,uint8_t,
furi_hal_version_get_hw_color,Function,Hardware HAL,not_bridged,FuriHalVersionColor,
furi_hal_version_get_hw_connect,Function,Hardware HAL,not_bridged,uint8_t,
furi_hal_version_get_hw_display,Function,Hardware HAL,not_bridged,FuriHalVersionDisplay,
furi_hal_version_get_hw_region,Function,Hardware HAL,not_bridged,FuriHalVersionRegion,
furi_hal_version_get_hw_region_name,Function,Hardware HAL,not_bridged,const char*,
furi_hal_version_get_hw_target,Function,Hardware HAL,not_bridged,uint8_t,
furi_hal_version_get_hw_timestamp,Function,Hardware HAL,not_bridged,uint32_t,
furi_hal_version_get_hw_version,Function,Hardware HAL,not_bridged,uint8_t,
furi_hal_version_get_ic_id,Function,Hardware HAL,not_bridged,const char*,
furi_hal_version_get_mic_id,Function,Hardware HAL,not_bridged,const char*,
furi_hal_version_get_model_code,Function,Hardware HAL,not_bridged,const char*,
furi_hal_version_get_model_name,Function,Hardware HAL,not_bridged,const char*,
furi_hal_version_get_name_ptr,Function,Hardware HAL,not_bridged,const char*,
furi_hal_version_get_ncc_id,Function,Hardware HAL,not_bridged,const char*,
furi_hal_version_get_otp_version,Function,Hardware HAL,not_bridged,FuriHalVersionOtpVersion,
furi_hal_version_get_srrc_id,Function,Hardware HAL,not_bridged,const char*,
furi_hal_version_uid,Function,Hardware HAL,native_export_needs_arm_bridge,const uint8_t*,
furi_hal_version_uid_size,Function,Hardware HAL,native_export_needs_arm_bridge,size_t,
furi_hal_vibro_on,Function,Hardware HAL,not_bridged,void,_Bool
furi_kernel_get_tick_frequency,Function,OS services,native_export_needs_arm_bridge,uint32_t,
furi_kernel_is_irq_or_masked,Function,OS services,not_bridged,_Bool,
furi_kernel_is_running,Function,OS services,not_bridged,_Bool,
furi_kernel_lock,Function,OS services,not_bridged,int32_t,
furi_kernel_restore_lock,Function,OS services,not_bridged,int32_t,int32_t
furi_kernel_unlock,Function,OS services,not_bridged,int32_t,
furi_log_add_handler,Function,OS services,not_bridged,_Bool,FuriLogHandler
furi_log_get_level,Function,OS services,not_bridged,FuriLogLevel,
furi_log_level_from_string,Function,OS services,not_bridged,_Bool,"const char*, FuriLogLevel*"
furi_log_level_to_string,Function,OS services,not_bridged,_Bool,"FuriLogLevel, const char**"
furi_log_print_format,Function,OS services,native_export_needs_arm_bridge,void,"FuriLogLevel, const char*, const char*, ..."
furi_log_print_raw_format,Function,OS services,not_bridged,void,"FuriLogLevel, const char*, ..."
furi_log_puts,Function,OS services,not_bridged,void,const char*
furi_log_remove_handler,Function,OS services,not_bridged,_Bool,FuriLogHandler
furi_log_set_level,Function,OS services,native_export_needs_arm_bridge,void,FuriLogLevel
furi_log_tx,Function,OS services,not_bridged,void,"const uint8_t*, size_t"
furi_message_queue_alloc,Function,OS services,bridged_subset,FuriMessageQueue*,"uint32_t, uint32_t"
furi_message_queue_free,Function,OS services,bridged_subset,void,FuriMessageQueue*
furi_message_queue_get,Function,OS services,bridged_subset,FuriStatus,"FuriMessageQueue*, void*, uint32_t"
furi_message_queue_get_capacity,Function,OS services,not_bridged,uint32_t,FuriMessageQueue*
furi_message_queue_get_count,Function,OS services,not_bridged,uint32_t,FuriMessageQueue*
furi_message_queue_get_message_size,Function,OS services,not_bridged,uint32_t,FuriMessageQueue*
furi_message_queue_get_space,Function,OS services,not_bridged,uint32_t,FuriMessageQueue*
furi_message_queue_put,Function,OS services,bridged_subset,FuriStatus,"FuriMessageQueue*, const void*, uint32_t"
furi_message_queue_reset,Function,OS services,bridged_subset,FuriStatus,FuriMessageQueue*
furi_ms_to_ticks,Function,OS services,bridged_subset,uint32_t,uint32_t
furi_mutex_acquire,Function,OS services,native_export_needs_arm_bridge,FuriStatus,"FuriMutex*, uint32_t"
furi_mutex_alloc,Function,OS services,native_export_needs_arm_bridge,FuriMutex*,FuriMutexType
furi_mutex_free,Function,OS services,native_export_needs_arm_bridge,void,FuriMutex*
furi_mutex_get_owner,Function,OS services,not_bridged,FuriThreadId,FuriMutex*
furi_mutex_release,Function,OS services,native_export_needs_arm_bridge,FuriStatus,FuriMutex*
furi_pubsub_alloc,Function,OS services,not_bridged,FuriPubSub*,
furi_pubsub_free,Function,OS services,not_bridged,void,FuriPubSub*
furi_pubsub_publish,Function,OS services,not_bridged,void,"FuriPubSub*, void*"
furi_pubsub_subscribe,Function,OS services,native_export_needs_arm_bridge,FuriPubSubSubscription*,"FuriPubSub*, FuriPubSubCallback, void*"
furi_pubsub_unsubscribe,Function,OS services,native_export_needs_arm_bridge,void,"FuriPubSub*, FuriPubSubSubscription*"
furi_record_close,Function,OS services,bridged_subset,void,const char*
furi_record_create,Function,OS services,not_bridged,void,"const char*, void*"
furi_record_destroy,Function,OS services,not_bridged,_Bool,const char*
furi_record_exists,Function,OS services,not_bridged,_Bool,const char*
furi_record_open,Function,OS services,bridged_subset,void*,const char*
furi_run,Function,OS services,not_bridged,void,
furi_semaphore_acquire,Function,OS services,native_export_needs_arm_bridge,FuriStatus,"FuriSemaphore*, uint32_t"
furi_semaphore_alloc,Function,OS services,native_export_needs_arm_bridge,FuriSemaphore*,"uint32_t, uint32_t"
furi_semaphore_free,Function,OS services,native_export_needs_arm_bridge,void,FuriSemaphore*
furi_semaphore_get_count,Function,OS services,not_bridged,uint32_t,FuriSemaphore*
furi_semaphore_get_space,Function,OS services,not_bridged,uint32_t,FuriSemaphore*
furi_semaphore_release,Function,OS services,native_export_needs_arm_bridge,FuriStatus,FuriSemaphore*
furi_stream_buffer_alloc,Function,OS services,not_bridged,FuriStreamBuffer*,"size_t, size_t"
furi_stream_buffer_bytes_available,Function,OS services,not_bridged,size_t,FuriStreamBuffer*
furi_stream_buffer_free,Function,OS services,not_bridged,void,FuriStreamBuffer*
furi_stream_buffer_is_empty,Function,OS services,not_bridged,_Bool,FuriStreamBuffer*
furi_stream_buffer_is_full,Function,OS services,not_bridged,_Bool,FuriStreamBuffer*
furi_stream_buffer_receive,Function,OS services,not_bridged,size_t,"FuriStreamBuffer*, void*, size_t, uint32_t"
furi_stream_buffer_reset,Function,OS services,not_bridged,FuriStatus,FuriStreamBuffer*
furi_stream_buffer_send,Function,OS services,not_bridged,size_t,"FuriStreamBuffer*, const void*, size_t, uint32_t"
furi_stream_buffer_spaces_available,Function,OS services,not_bridged,size_t,FuriStreamBuffer*
furi_stream_get_trigger_level,Function,OS services,not_bridged,size_t,FuriStreamBuffer*
furi_stream_set_trigger_level,Function,OS services,not_bridged,_Bool,"FuriStreamBuffer*, size_t"
furi_string_alloc,Function,Strings,native_export_needs_arm_bridge,FuriString*,
furi_string_alloc_move,Function,Strings,not_bridged,FuriString*,FuriString*
furi_string_alloc_printf,Function,Strings,native_export_needs_arm_bridge,FuriString*,"const char[], ..."
furi_string_alloc_set,Function,Strings,native_export_needs_arm_bridge,FuriString*,const FuriString*
furi_string_alloc_set_str,Function,Strings,native_export_needs_arm_bridge,FuriString*,const char[]
furi_string_alloc_vprintf,Function,Strings,not_bridged,FuriString*,"const char[], va_list"
furi_string_cat,Function,Strings,native_export_needs_arm_bridge,void,"FuriString*, const FuriString*"
furi_string_cat_printf,Function,Strings,native_export_needs_arm_bridge,int,"FuriString*, const char[], ..."
furi_string_cat_str,Function,Strings,native_export_needs_arm_bridge,void,"FuriString*, const char[]"
furi_string_cat_vprintf,Function,Strings,not_bridged,int,"FuriString*, const char[], va_list"
furi_string_cmp,Function,Strings,native_export_needs_arm_bridge,int,"const FuriString*, const FuriString*"
furi_string_cmp_str,Function,Strings,native_export_needs_arm_bridge,int,"const FuriString*, const char[]"
furi_string_cmpi,Function,Strings,not_bridged,int,"const FuriString*, const FuriString*"
furi_string_cmpi_str,Function,Strings,native_export_needs_arm_bridge,int,"const FuriString*, const char[]"
furi_string_empty,Function,Strings,native_export_needs_arm_bridge,_Bool,const FuriString*
furi_string_end_with,Function,Strings,not_bridged,_Bool,"const FuriString*, const FuriString*"
furi_string_end_with_str,Function,Strings,not_bridged,_Bool,"const FuriString*, const char[]"
furi_string_end_withi,Function,Strings,not_bridged,_Bool,"const FuriString*, const FuriString*"
furi_string_end_withi_str,Function,Strings,not_bridged,_Bool,"const FuriString*, const char[]"
furi_string_equal,Function,Strings,native_export_needs_arm_bridge,_Bool,"const FuriString*, const FuriString*"
furi_string_equal_str,Function,Strings,native_export_needs_arm_bridge,_Bool,"const FuriString*, const char[]"
furi_string_free,Function,Strings,native_export_needs_arm_bridge,void,FuriString*
furi_string_get_char,Function,Strings,native_export_needs_arm_bridge,char,"const FuriString*, size_t"
furi_string_get_cstr,Function,Strings,native_export_needs_arm_bridge,const char*,const FuriString*
furi_string_hash,Function,Strings,not_bridged,size_t,const FuriString*
furi_string_left,Function,Strings,native_export_needs_arm_bridge,void,"FuriString*, size_t"
furi_string_mid,Function,Strings,not_bridged,void,"FuriString*, size_t, size_t"
furi_string_move,Function,Strings,native_export_needs_arm_bridge,void,"FuriString*, FuriString*"
furi_string_printf,Function,Strings,native_export_needs_arm_bridge,int,"FuriString*, const char[], ..."
furi_string_push_back,Function,Strings,native_export_needs_arm_bridge,void,"FuriString*, char"
furi_string_replace,Function,Strings,not_bridged,size_t,"FuriString*, FuriString*, FuriString*, size_t"
furi_string_replace_all,Function,Strings,not_bridged,void,"FuriString*, const FuriString*, const FuriString*"
furi_string_replace_all_str,Function,Strings,native_export_needs_arm_bridge,void,"FuriString*, const char[], const char[]"
furi_string_replace_at,Function,Strings,not_bridged,void,"FuriString*, size_t, size_t, const char[]"
furi_string_replace_str,Function,Strings,native_export_needs_arm_bridge,size_t,"FuriString*, const char[], const char[], size_t"
furi_string_reserve,Function,Strings,native_export_needs_arm_bridge,void,"FuriString*, size_t"
furi_string_reset,Function,Strings,native_export_needs_arm_bridge,void,FuriString*
furi_string_right,Function,Strings,native_export_needs_arm_bridge,void,"FuriString*, size_t"
furi_string_search,Function,Strings,not_bridged,size_t,"const FuriString*, const FuriString*, size_t"
furi_string_search_char,Function,Strings,native_export_needs_arm_bridge,size_t,"const FuriString*, char, size_t"
furi_string_search_rchar,Function,Strings,native_export_needs_arm_bridge,size_t,"const FuriString*, char, size_t"
furi_string_search_str,Function,Strings,native_export_needs_arm_bridge,size_t,"const FuriString*, const char[], size_t"
furi_string_set,Function,Strings,native_export_needs_arm_bridge,void,"FuriString*, FuriString*"
furi_string_set_char,Function,Strings,native_export_needs_arm_bridge,void,"FuriString*, size_t, const char"
furi_string_set_n,Function,Strings,native_export_needs_arm_bridge,void,"FuriString*, const FuriString*, size_t, size_t"
furi_string_set_str,Function,Strings,native_export_needs_arm_bridge,void,"FuriString*, const char[]"
furi_string_set_strn,Function,Strings,native_export_needs_arm_bridge,void,"FuriString*, const char[], size_t"
furi_string_size,Function,Strings,native_export_needs_arm_bridge,size_t,const FuriString*
furi_string_start_with,Function,Strings,not_bridged,_Bool,"const FuriString*, const FuriString*"
furi_string_start_with_str,Function,Strings,native_export_needs_arm_bridge,_Bool,"const FuriString*, const char[]"
furi_string_swap,Function,Strings,not_bridged,void,"FuriString*, FuriString*"
furi_string_trim,Function,Strings,native_export_needs_arm_bridge,void,"FuriString*, const char[]"
furi_string_utf8_decode,Function,Strings,not_bridged,void,"char, FuriStringUTF8State*, FuriStringUnicodeValue*"
furi_string_utf8_length,Function,Strings,native_export_needs_arm_bridge,size_t,FuriString*
furi_string_utf8_push,Function,Strings,not_bridged,void,"FuriString*, FuriStringUnicodeValue"
furi_string_vprintf,Function,Strings,not_bridged,int,"FuriString*, const char[], va_list"
furi_thread_alloc,Function,OS services,native_export_needs_arm_bridge,FuriThread*,
furi_thread_alloc_ex,Function,OS services,native_export_needs_arm_bridge,FuriThread*,"const char*, uint32_t, FuriThreadCallback, void*"
furi_thread_enable_heap_trace,Function,OS services,not_bridged,void,FuriThread*
furi_thread_enumerate,Function,OS services,not_bridged,_Bool,FuriThreadList*
furi_thread_flags_clear,Function,OS services,native_export_needs_arm_bridge,uint32_t,uint32_t
furi_thread_flags_get,Function,OS services,native_export_needs_arm_bridge,uint32_t,
furi_thread_flags_set,Function,OS services,native_export_needs_arm_bridge,uint32_t,"FuriThreadId, uint32_t"
furi_thread_flags_wait,Function,OS services,native_export_needs_arm_bridge,uint32_t,"uint32_t, uint32_t, uint32_t"
furi_thread_free,Function,OS services,native_export_needs_arm_bridge,void,FuriThread*
furi_thread_get_appid,Function,OS services,not_bridged,const char*,FuriThreadId
furi_thread_get_current,Function,OS services,not_bridged,FuriThread*,
furi_thread_get_current_id,Function,OS services,not_bridged,FuriThreadId,
furi_thread_get_current_priority,Function,OS services,not_bridged,FuriThreadPriority,
furi_thread_get_heap_size,Function,OS services,not_bridged,size_t,FuriThread*
furi_thread_get_id,Function,OS services,native_export_needs_arm_bridge,FuriThreadId,FuriThread*
furi_thread_get_name,Function,OS services,not_bridged,const char*,FuriThreadId
furi_thread_get_priority,Function,OS services,not_bridged,FuriThreadPriority,FuriThread*
furi_thread_get_return_code,Function,OS services,not_bridged,int32_t,FuriThread*
furi_thread_get_signal_callback,Function,OS services,not_bridged,FuriThreadSignalCallback,const FuriThread*
furi_thread_get_stack_space,Function,OS services,not_bridged,uint32_t,FuriThreadId
furi_thread_get_state,Function,OS services,not_bridged,FuriThreadState,FuriThread*
furi_thread_get_stdin_callback,Function,OS services,not_bridged,void,"FuriThreadStdinReadCallback*, void**"
furi_thread_get_stdout_callback,Function,OS services,not_bridged,void,"FuriThreadStdoutWriteCallback*, void**"
furi_thread_is_suspended,Function,OS services,not_bridged,_Bool,FuriThreadId
furi_thread_join,Function,OS services,native_export_needs_arm_bridge,_Bool,FuriThread*
furi_thread_list_alloc,Function,OS services,not_bridged,FuriThreadList*,
furi_thread_list_free,Function,OS services,not_bridged,void,FuriThreadList*
furi_thread_list_get_at,Function,OS services,not_bridged,FuriThreadListItem*,"FuriThreadList*, size_t"
furi_thread_list_get_isr_time,Function,OS services,not_bridged,float,FuriThreadList*
furi_thread_list_get_or_insert,Function,OS services,not_bridged,FuriThreadListItem*,"FuriThreadList*, FuriThread*"
furi_thread_list_size,Function,OS services,not_bridged,size_t,FuriThreadList*
furi_thread_resume,Function,OS services,not_bridged,void,FuriThreadId
furi_thread_set_appid,Function,OS services,not_bridged,void,"FuriThread*, const char*"
furi_thread_set_callback,Function,OS services,native_export_needs_arm_bridge,void,"FuriThread*, FuriThreadCallback"
furi_thread_set_context,Function,OS services,native_export_needs_arm_bridge,void,"FuriThread*, void*"
furi_thread_set_current_priority,Function,OS services,native_export_needs_arm_bridge,void,FuriThreadPriority
furi_thread_set_name,Function,OS services,native_export_needs_arm_bridge,void,"FuriThread*, const char*"
furi_thread_set_priority,Function,OS services,native_export_needs_arm_bridge,void,"FuriThread*, FuriThreadPriority"
furi_thread_set_signal_callback,Function,OS services,not_bridged,void,"FuriThread*, FuriThreadSignalCallback, void*"
furi_thread_set_stack_size,Function,OS services,native_export_needs_arm_bridge,void,"FuriThread*, size_t"
furi_thread_set_state_callback,Function,OS services,not_bridged,void,"FuriThread*, FuriThreadStateCallback"
furi_thread_set_state_context,Function,OS services,not_bridged,void,"FuriThread*, void*"
furi_thread_set_stdin_callback,Function,OS services,not_bridged,void,"FuriThreadStdinReadCallback, void*"
furi_thread_set_stdout_callback,Function,OS services,not_bridged,void,"FuriThreadStdoutWriteCallback, void*"
furi_thread_signal,Function,OS services,not_bridged,_Bool,"const FuriThread*, uint32_t, void*"
furi_thread_start,Function,OS services,native_export_needs_arm_bridge,void,FuriThread*
furi_thread_stdin_read,Function,OS services,not_bridged,size_t,"char*, size_t, FuriWait"
furi_thread_stdin_unread,Function,OS services,not_bridged,void,"char*, size_t"
furi_thread_stdout_flush,Function,OS services,not_bridged,int32_t,
furi_thread_stdout_write,Function,OS services,not_bridged,size_t,"const char*, size_t"
furi_thread_suspend,Function,OS services,not_bridged,void,FuriThreadId
furi_thread_yield,Function,OS services,native_export_needs_arm_bridge,void,
furi_timer_alloc,Function,OS services,native_export_needs_arm_bridge,FuriTimer*,"FuriTimerCallback, FuriTimerType, void*"
furi_timer_flush,Function,OS services,not_bridged,void,
furi_timer_free,Function,OS services,native_export_needs_arm_bridge,void,FuriTimer*
furi_timer_get_expire_time,Function,OS services,not_bridged,uint32_t,FuriTimer*
furi_timer_is_running,Function,OS services,not_bridged,uint32_t,FuriTimer*
furi_timer_pending_callback,Function,OS services,not_bridged,void,"FuriTimerPendigCallback, void*, uint32_t"
furi_timer_restart,Function,OS services,not_bridged,FuriStatus,"FuriTimer*, uint32_t"
furi_timer_set_thread_priority,Function,OS services,native_export_needs_arm_bridge,void,FuriTimerThreadPriority
furi_timer_start,Function,OS services,native_export_needs_arm_bridge,FuriStatus,"FuriTimer*, uint32_t"
furi_timer_stop,Function,OS services,native_export_needs_arm_bridge,FuriStatus,FuriTimer*
gpio_button_back,Variable,Other libraries and assets,not_bridged,const GpioPin,
gpio_button_down,Variable,Other libraries and assets,not_bridged,const GpioPin,
gpio_button_left,Variable,Other libraries and assets,not_bridged,const GpioPin,
gpio_button_ok,Variable,Other libraries and assets,not_bridged,const GpioPin,
gpio_button_right,Variable,Other libraries and assets,not_bridged,const GpioPin,
gpio_button_up,Variable,Other libraries and assets,not_bridged,const GpioPin,
gpio_cc1101_g0,Variable,Other libraries and assets,not_bridged,const GpioPin,
gpio_display_cs,Variable,Other libraries and assets,not_bridged,const GpioPin,
gpio_display_di,Variable,Other libraries and assets,not_bridged,const GpioPin,
gpio_display_rst_n,Variable,Other libraries and assets,not_bridged,const GpioPin,
gpio_ext_pa4,Variable,Other libraries and assets,not_bridged,const GpioPin,
gpio_ext_pa6,Variable,Other libraries and assets,not_bridged,const GpioPin,
gpio_ext_pa7,Variable,Other libraries and assets,not_bridged,const GpioPin,
gpio_ext_pb2,Variable,Other libraries and assets,not_bridged,const GpioPin,
gpio_ext_pb3,Variable,Other libraries and assets,not_bridged,const GpioPin,
gpio_ext_pc0,Variable,Other libraries and assets,not_bridged,const GpioPin,
gpio_ext_pc1,Variable,Other libraries and assets,not_bridged,const GpioPin,
gpio_ext_pc3,Variable,Other libraries and assets,not_bridged,const GpioPin,
gpio_i2c_power_scl,Variable,Other libraries and assets,not_bridged,const GpioPin,
gpio_i2c_power_sda,Variable,Other libraries and assets,not_bridged,const GpioPin,
gpio_ibutton,Variable,Other libraries and assets,not_bridged,const GpioPin,
gpio_infrared_rx,Variable,Other libraries and assets,not_bridged,const GpioPin,
gpio_infrared_tx,Variable,Other libraries and assets,not_bridged,const GpioPin,
gpio_nfc_cs,Variable,Other libraries and assets,not_bridged,const GpioPin,
gpio_nfc_irq_rfid_pull,Variable,Other libraries and assets,not_bridged,const GpioPin,
gpio_periph_power,Variable,Other libraries and assets,not_bridged,const GpioPin,
gpio_pins,Variable,Other libraries and assets,not_bridged,const GpioPinRecord[],
gpio_pins_count,Variable,Other libraries and assets,not_bridged,const size_t,
gpio_rf_sw_0,Variable,Other libraries and assets,not_bridged,const GpioPin,
gpio_rfid_carrier,Variable,Other libraries and assets,not_bridged,const GpioPin,
gpio_rfid_carrier_out,Variable,Other libraries and assets,not_bridged,const GpioPin,
gpio_rfid_data_in,Variable,Other libraries and assets,not_bridged,const GpioPin,
gpio_sdcard_cd,Variable,Other libraries and assets,not_bridged,const GpioPin,
gpio_sdcard_cs,Variable,Other libraries and assets,not_bridged,const GpioPin,
gpio_speaker,Variable,Other libraries and assets,not_bridged,const GpioPin,
gpio_spi_d_miso,Variable,Other libraries and assets,not_bridged,const GpioPin,
gpio_spi_d_mosi,Variable,Other libraries and assets,not_bridged,const GpioPin,
gpio_spi_d_sck,Variable,Other libraries and assets,not_bridged,const GpioPin,
gpio_spi_r_miso,Variable,Other libraries and assets,not_bridged,const GpioPin,
gpio_spi_r_mosi,Variable,Other libraries and assets,not_bridged,const GpioPin,
gpio_spi_r_sck,Variable,Other libraries and assets,not_bridged,const GpioPin,
gpio_subghz_cs,Variable,Other libraries and assets,not_bridged,const GpioPin,
gpio_swclk,Variable,Other libraries and assets,not_bridged,const GpioPin,
gpio_swdio,Variable,Other libraries and assets,not_bridged,const GpioPin,
gpio_usart_rx,Variable,Other libraries and assets,not_bridged,const GpioPin,
gpio_usart_tx,Variable,Other libraries and assets,not_bridged,const GpioPin,
gpio_usb_dm,Variable,Other libraries and assets,not_bridged,const GpioPin,
gpio_usb_dp,Variable,Other libraries and assets,not_bridged,const GpioPin,
gpio_vibro,Variable,Other libraries and assets,not_bridged,const GpioPin,
gui_add_framebuffer_callback,Function,Views and dispatcher,not_bridged,void,"Gui*, GuiCanvasCommitCallback, void*"
gui_add_view_port,Function,Views and dispatcher,bridged_subset,void,"Gui*, ViewPort*, GuiLayer"
gui_direct_draw_acquire,Function,Views and dispatcher,native_export_needs_arm_bridge,Canvas*,Gui*
gui_direct_draw_release,Function,Views and dispatcher,native_export_needs_arm_bridge,void,Gui*
gui_get_framebuffer_size,Function,Views and dispatcher,not_bridged,size_t,const Gui*
gui_remove_framebuffer_callback,Function,Views and dispatcher,not_bridged,void,"Gui*, GuiCanvasCommitCallback, void*"
gui_remove_view_port,Function,Views and dispatcher,bridged_subset,void,"Gui*, ViewPort*"
gui_set_lockdown,Function,Views and dispatcher,not_bridged,void,"Gui*, _Bool"
gui_view_port_send_to_back,Function,Views and dispatcher,not_bridged,void,"Gui*, ViewPort*"
gui_view_port_send_to_front,Function,Views and dispatcher,not_bridged,void,"Gui*, ViewPort*"
hex_char_to_hex_nibble,Function,Other libraries and assets,not_bridged,_Bool,"char, uint8_t*"
hex_char_to_uint8,Function,Other libraries and assets,native_export_needs_arm_bridge,_Bool,"char, char, uint8_t*"
hex_chars_to_uint64,Function,Other libraries and assets,not_bridged,_Bool,"const char*, uint64_t*"
hex_chars_to_uint8,Function,Other libraries and assets,not_bridged,_Bool,"const char*, uint8_t*"
ibutton_key_alloc,Function,Other libraries and assets,not_bridged,iButtonKey*,size_t
ibutton_key_free,Function,Other libraries and assets,not_bridged,void,iButtonKey*
ibutton_key_get_protocol_id,Function,Other libraries and assets,not_bridged,iButtonProtocolId,const iButtonKey*
ibutton_key_reset,Function,Other libraries and assets,not_bridged,void,iButtonKey*
ibutton_key_set_protocol_id,Function,Other libraries and assets,not_bridged,void,"iButtonKey*, iButtonProtocolId"
ibutton_protocols_alloc,Function,Other libraries and assets,not_bridged,iButtonProtocols*,
ibutton_protocols_apply_edits,Function,Other libraries and assets,not_bridged,void,"iButtonProtocols*, const iButtonKey*"
ibutton_protocols_emulate_start,Function,Other libraries and assets,not_bridged,void,"iButtonProtocols*, iButtonKey*"
ibutton_protocols_emulate_stop,Function,Other libraries and assets,not_bridged,void,"iButtonProtocols*, iButtonKey*"
ibutton_protocols_free,Function,Other libraries and assets,not_bridged,void,iButtonProtocols*
ibutton_protocols_get_editable_data,Function,Other libraries and assets,not_bridged,void,"iButtonProtocols*, const iButtonKey*, iButtonEditableData*"
ibutton_protocols_get_features,Function,Other libraries and assets,not_bridged,uint32_t,"iButtonProtocols*, iButtonProtocolId"
ibutton_protocols_get_id_by_name,Function,Other libraries and assets,not_bridged,iButtonProtocolId,"iButtonProtocols*, const char*"
ibutton_protocols_get_manufacturer,Function,Other libraries and assets,not_bridged,const char*,"iButtonProtocols*, iButtonProtocolId"
ibutton_protocols_get_max_data_size,Function,Other libraries and assets,not_bridged,size_t,iButtonProtocols*
ibutton_protocols_get_name,Function,Other libraries and assets,not_bridged,const char*,"iButtonProtocols*, iButtonProtocolId"
ibutton_protocols_get_protocol_count,Function,Other libraries and assets,not_bridged,uint32_t,
ibutton_protocols_is_valid,Function,Other libraries and assets,not_bridged,_Bool,"iButtonProtocols*, const iButtonKey*"
ibutton_protocols_load,Function,Other libraries and assets,not_bridged,_Bool,"iButtonProtocols*, iButtonKey*, const char*"
ibutton_protocols_read,Function,Other libraries and assets,not_bridged,_Bool,"iButtonProtocols*, iButtonKey*"
ibutton_protocols_render_brief_data,Function,Other libraries and assets,not_bridged,void,"iButtonProtocols*, const iButtonKey*, FuriString*"
ibutton_protocols_render_data,Function,Other libraries and assets,not_bridged,void,"iButtonProtocols*, const iButtonKey*, FuriString*"
ibutton_protocols_render_error,Function,Other libraries and assets,not_bridged,void,"iButtonProtocols*, const iButtonKey*, FuriString*"
ibutton_protocols_render_uid,Function,Other libraries and assets,not_bridged,void,"iButtonProtocols*, const iButtonKey*, FuriString*"
ibutton_protocols_save,Function,Other libraries and assets,not_bridged,_Bool,"iButtonProtocols*, const iButtonKey*, const char*"
ibutton_protocols_write_copy,Function,Other libraries and assets,not_bridged,_Bool,"iButtonProtocols*, iButtonKey*"
ibutton_protocols_write_id,Function,Other libraries and assets,not_bridged,_Bool,"iButtonProtocols*, iButtonKey*"
ibutton_worker_alloc,Function,Other libraries and assets,not_bridged,iButtonWorker*,iButtonProtocols*
ibutton_worker_emulate_set_callback,Function,Other libraries and assets,not_bridged,void,"iButtonWorker*, iButtonWorkerEmulateCallback, void*"
ibutton_worker_emulate_start,Function,Other libraries and assets,not_bridged,void,"iButtonWorker*, iButtonKey*"
ibutton_worker_free,Function,Other libraries and assets,not_bridged,void,iButtonWorker*
ibutton_worker_read_set_callback,Function,Other libraries and assets,not_bridged,void,"iButtonWorker*, iButtonWorkerReadCallback, void*"
ibutton_worker_read_start,Function,Other libraries and assets,not_bridged,void,"iButtonWorker*, iButtonKey*"
ibutton_worker_start_thread,Function,Other libraries and assets,not_bridged,void,iButtonWorker*
ibutton_worker_stop,Function,Other libraries and assets,not_bridged,void,iButtonWorker*
ibutton_worker_stop_thread,Function,Other libraries and assets,not_bridged,void,iButtonWorker*
ibutton_worker_write_copy_start,Function,Other libraries and assets,not_bridged,void,"iButtonWorker*, iButtonKey*"
ibutton_worker_write_id_start,Function,Other libraries and assets,not_bridged,void,"iButtonWorker*, iButtonKey*"
ibutton_worker_write_set_callback,Function,Other libraries and assets,not_bridged,void,"iButtonWorker*, iButtonWorkerWriteCallback, void*"
icon_animation_alloc,Function,Other libraries and assets,native_export_needs_arm_bridge,IconAnimation*,const Icon*
icon_animation_free,Function,Other libraries and assets,native_export_needs_arm_bridge,void,IconAnimation*
icon_animation_get_height,Function,Other libraries and assets,not_bridged,uint8_t,const IconAnimation*
icon_animation_get_width,Function,Other libraries and assets,not_bridged,uint8_t,const IconAnimation*
icon_animation_is_last_frame,Function,Other libraries and assets,not_bridged,_Bool,const IconAnimation*
icon_animation_set_update_callback,Function,Other libraries and assets,not_bridged,void,"IconAnimation*, IconAnimationCallback, void*"
icon_animation_start,Function,Other libraries and assets,native_export_needs_arm_bridge,void,IconAnimation*
icon_animation_stop,Function,Other libraries and assets,not_bridged,void,IconAnimation*
icon_get_data,Function,Other libraries and assets,not_bridged,const uint8_t*,const Icon*
icon_get_frame_count,Function,Other libraries and assets,not_bridged,uint32_t,const Icon*
icon_get_frame_data,Function,Other libraries and assets,native_export_needs_arm_bridge,const uint8_t*,"const Icon*, uint32_t"
icon_get_height,Function,Other libraries and assets,not_bridged,uint16_t,const Icon*
icon_get_width,Function,Other libraries and assets,not_bridged,uint16_t,const Icon*
infrared_alloc_decoder,Function,Infrared,not_bridged,InfraredDecoderHandler*,
infrared_alloc_encoder,Function,Infrared,not_bridged,InfraredEncoderHandler*,
infrared_check_decoder_ready,Function,Infrared,not_bridged,const InfraredMessage*,InfraredDecoderHandler*
infrared_decode,Function,Infrared,not_bridged,const InfraredMessage*,"InfraredDecoderHandler*, _Bool, uint32_t"
infrared_encode,Function,Infrared,not_bridged,InfraredStatus,"InfraredEncoderHandler*, uint32_t*, _Bool*"
infrared_free_decoder,Function,Infrared,not_bridged,void,InfraredDecoderHandler*
infrared_free_encoder,Function,Infrared,not_bridged,void,InfraredEncoderHandler*
infrared_get_protocol_address_length,Function,Infrared,native_export_needs_arm_bridge,uint8_t,InfraredProtocol
infrared_get_protocol_by_name,Function,Infrared,native_export_needs_arm_bridge,InfraredProtocol,const char*
infrared_get_protocol_command_length,Function,Infrared,native_export_needs_arm_bridge,uint8_t,InfraredProtocol
infrared_get_protocol_duty_cycle,Function,Infrared,not_bridged,float,InfraredProtocol
infrared_get_protocol_frequency,Function,Infrared,not_bridged,uint32_t,InfraredProtocol
infrared_get_protocol_min_repeat_count,Function,Infrared,not_bridged,size_t,InfraredProtocol
infrared_get_protocol_name,Function,Infrared,native_export_needs_arm_bridge,const char*,InfraredProtocol
infrared_is_protocol_valid,Function,Infrared,native_export_needs_arm_bridge,_Bool,InfraredProtocol
infrared_reset_decoder,Function,Infrared,not_bridged,void,InfraredDecoderHandler*
infrared_reset_encoder,Function,Infrared,not_bridged,void,"InfraredEncoderHandler*, const InfraredMessage*"
infrared_send,Function,Infrared,native_export_needs_arm_bridge,void,"const InfraredMessage*, int"
infrared_send_raw,Function,Infrared,not_bridged,void,"const uint32_t[], uint32_t, _Bool"
infrared_send_raw_ext,Function,Infrared,native_export_needs_arm_bridge,void,"const uint32_t[], uint32_t, _Bool, uint32_t, float"
infrared_worker_alloc,Function,Infrared,native_export_needs_arm_bridge,InfraredWorker*,
infrared_worker_free,Function,Infrared,native_export_needs_arm_bridge,void,InfraredWorker*
infrared_worker_get_decoded_signal,Function,Infrared,native_export_needs_arm_bridge,const InfraredMessage*,const InfraredWorkerSignal*
infrared_worker_get_raw_signal,Function,Infrared,native_export_needs_arm_bridge,void,"const InfraredWorkerSignal*, const uint32_t**, size_t*"
infrared_worker_rx_enable_blink_on_receiving,Function,Infrared,not_bridged,void,"InfraredWorker*, _Bool"
infrared_worker_rx_enable_signal_decoding,Function,Infrared,not_bridged,void,"InfraredWorker*, _Bool"
infrared_worker_rx_set_received_signal_callback,Function,Infrared,native_export_needs_arm_bridge,void,"InfraredWorker*, InfraredWorkerReceivedSignalCallback, void*"
infrared_worker_rx_start,Function,Infrared,native_export_needs_arm_bridge,void,InfraredWorker*
infrared_worker_rx_stop,Function,Infrared,native_export_needs_arm_bridge,void,InfraredWorker*
infrared_worker_set_decoded_signal,Function,Infrared,not_bridged,void,"InfraredWorker*, const InfraredMessage*"
infrared_worker_set_raw_signal,Function,Infrared,not_bridged,void,"InfraredWorker*, const uint32_t*, size_t, uint32_t, float"
infrared_worker_signal_is_decoded,Function,Infrared,native_export_needs_arm_bridge,_Bool,const InfraredWorkerSignal*
infrared_worker_tx_get_signal_steady_callback,Function,Infrared,not_bridged,InfraredWorkerGetSignalResponse,"void*, InfraredWorker*"
infrared_worker_tx_set_get_signal_callback,Function,Infrared,not_bridged,void,"InfraredWorker*, InfraredWorkerGetSignalCallback, void*"
infrared_worker_tx_set_signal_sent_callback,Function,Infrared,not_bridged,void,"InfraredWorker*, InfraredWorkerMessageSentCallback, void*"
infrared_worker_tx_start,Function,Infrared,not_bridged,void,InfraredWorker*
infrared_worker_tx_stop,Function,Infrared,not_bridged,void,InfraredWorker*
input_get_key_name,Function,Other libraries and assets,not_bridged,const char*,InputKey
input_get_type_name,Function,Other libraries and assets,not_bridged,const char*,InputType
input_pins,Variable,Other libraries and assets,not_bridged,const InputPin[],
input_pins_count,Variable,Other libraries and assets,not_bridged,const size_t,
iso13239_crc_append,Function,NFC,not_bridged,void,"Iso13239CrcType, BitBuffer*"
iso13239_crc_check,Function,NFC,not_bridged,_Bool,"Iso13239CrcType, const BitBuffer*"
iso13239_crc_trim,Function,NFC,not_bridged,void,BitBuffer*
iso14443_3a_alloc,Function,NFC,not_bridged,Iso14443_3aData*,
iso14443_3a_copy,Function,NFC,not_bridged,void,"Iso14443_3aData*, const Iso14443_3aData*"
iso14443_3a_free,Function,NFC,not_bridged,void,Iso14443_3aData*
iso14443_3a_get_atqa,Function,NFC,not_bridged,void,"const Iso14443_3aData*, uint8_t[2]"
iso14443_3a_get_base_data,Function,NFC,not_bridged,Iso14443_3aData*,const Iso14443_3aData*
iso14443_3a_get_cuid,Function,NFC,not_bridged,uint32_t,const Iso14443_3aData*
iso14443_3a_get_device_name,Function,NFC,not_bridged,const char*,"const Iso14443_3aData*, NfcDeviceNameType"
iso14443_3a_get_sak,Function,NFC,not_bridged,uint8_t,const Iso14443_3aData*
iso14443_3a_get_uid,Function,NFC,not_bridged,const uint8_t*,"const Iso14443_3aData*, size_t*"
iso14443_3a_is_equal,Function,NFC,not_bridged,_Bool,"const Iso14443_3aData*, const Iso14443_3aData*"
iso14443_3a_load,Function,NFC,not_bridged,_Bool,"Iso14443_3aData*, FlipperFormat*, uint32_t"
iso14443_3a_poller_activate,Function,NFC,not_bridged,Iso14443_3aError,"Iso14443_3aPoller*, Iso14443_3aData*"
iso14443_3a_poller_check_presence,Function,NFC,not_bridged,Iso14443_3aError,Iso14443_3aPoller*
iso14443_3a_poller_halt,Function,NFC,not_bridged,Iso14443_3aError,Iso14443_3aPoller*
iso14443_3a_poller_send_standard_frame,Function,NFC,not_bridged,Iso14443_3aError,"Iso14443_3aPoller*, const BitBuffer*, BitBuffer*, uint32_t"
iso14443_3a_poller_sync_read,Function,NFC,not_bridged,Iso14443_3aError,"Nfc*, Iso14443_3aData*"
iso14443_3a_poller_txrx,Function,NFC,not_bridged,Iso14443_3aError,"Iso14443_3aPoller*, const BitBuffer*, BitBuffer*, uint32_t"
iso14443_3a_poller_txrx_custom_parity,Function,NFC,not_bridged,Iso14443_3aError,"Iso14443_3aPoller*, const BitBuffer*, BitBuffer*, uint32_t"
iso14443_3a_reset,Function,NFC,not_bridged,void,Iso14443_3aData*
iso14443_3a_save,Function,NFC,not_bridged,_Bool,"const Iso14443_3aData*, FlipperFormat*"
iso14443_3a_set_atqa,Function,NFC,not_bridged,void,"Iso14443_3aData*, const uint8_t[2]"
iso14443_3a_set_sak,Function,NFC,not_bridged,void,"Iso14443_3aData*, uint8_t"
iso14443_3a_set_uid,Function,NFC,not_bridged,_Bool,"Iso14443_3aData*, const uint8_t*, size_t"
iso14443_3a_supports_iso14443_4,Function,NFC,not_bridged,_Bool,const Iso14443_3aData*
iso14443_3a_verify,Function,NFC,not_bridged,_Bool,"Iso14443_3aData*, const FuriString*"
iso14443_3b_alloc,Function,NFC,not_bridged,Iso14443_3bData*,
iso14443_3b_copy,Function,NFC,not_bridged,void,"Iso14443_3bData*, const Iso14443_3bData*"
iso14443_3b_free,Function,NFC,not_bridged,void,Iso14443_3bData*
iso14443_3b_get_application_data,Function,NFC,not_bridged,const uint8_t*,"const Iso14443_3bData*, size_t*"
iso14443_3b_get_base_data,Function,NFC,not_bridged,Iso14443_3bData*,const Iso14443_3bData*
iso14443_3b_get_device_name,Function,NFC,not_bridged,const char*,"const Iso14443_3bData*, NfcDeviceNameType"
iso14443_3b_get_frame_size_max,Function,NFC,not_bridged,uint16_t,const Iso14443_3bData*
iso14443_3b_get_fwt_fc_max,Function,NFC,not_bridged,uint32_t,const Iso14443_3bData*
iso14443_3b_get_uid,Function,NFC,not_bridged,const uint8_t*,"const Iso14443_3bData*, size_t*"
iso14443_3b_is_equal,Function,NFC,not_bridged,_Bool,"const Iso14443_3bData*, const Iso14443_3bData*"
iso14443_3b_load,Function,NFC,not_bridged,_Bool,"Iso14443_3bData*, FlipperFormat*, uint32_t"
iso14443_3b_poller_activate,Function,NFC,not_bridged,Iso14443_3bError,"Iso14443_3bPoller*, Iso14443_3bData*"
iso14443_3b_poller_halt,Function,NFC,not_bridged,Iso14443_3bError,Iso14443_3bPoller*
iso14443_3b_poller_send_frame,Function,NFC,not_bridged,Iso14443_3bError,"Iso14443_3bPoller*, const BitBuffer*, BitBuffer*"
iso14443_3b_reset,Function,NFC,not_bridged,void,Iso14443_3bData*
iso14443_3b_save,Function,NFC,not_bridged,_Bool,"const Iso14443_3bData*, FlipperFormat*"
iso14443_3b_set_uid,Function,NFC,not_bridged,_Bool,"Iso14443_3bData*, const uint8_t*, size_t"
iso14443_3b_supports_bit_rate,Function,NFC,not_bridged,_Bool,"const Iso14443_3bData*, Iso14443_3bBitRate"
iso14443_3b_supports_frame_option,Function,NFC,not_bridged,_Bool,"const Iso14443_3bData*, Iso14443_3bFrameOption"
iso14443_3b_supports_iso14443_4,Function,NFC,not_bridged,_Bool,const Iso14443_3bData*
iso14443_3b_verify,Function,NFC,not_bridged,_Bool,"Iso14443_3bData*, const FuriString*"
iso14443_4a_alloc,Function,NFC,not_bridged,Iso14443_4aData*,
iso14443_4a_copy,Function,NFC,not_bridged,void,"Iso14443_4aData*, const Iso14443_4aData*"
iso14443_4a_free,Function,NFC,not_bridged,void,Iso14443_4aData*
iso14443_4a_get_base_data,Function,NFC,not_bridged,Iso14443_3aData*,const Iso14443_4aData*
iso14443_4a_get_device_name,Function,NFC,not_bridged,const char*,"const Iso14443_4aData*, NfcDeviceNameType"
iso14443_4a_get_frame_size_max,Function,NFC,not_bridged,uint16_t,const Iso14443_4aData*
iso14443_4a_get_fwt_fc_max,Function,NFC,not_bridged,uint32_t,const Iso14443_4aData*
iso14443_4a_get_historical_bytes,Function,NFC,not_bridged,const uint8_t*,"const Iso14443_4aData*, uint32_t*"
iso14443_4a_get_uid,Function,NFC,not_bridged,const uint8_t*,"const Iso14443_4aData*, size_t*"
iso14443_4a_is_equal,Function,NFC,not_bridged,_Bool,"const Iso14443_4aData*, const Iso14443_4aData*"
iso14443_4a_load,Function,NFC,not_bridged,_Bool,"Iso14443_4aData*, FlipperFormat*, uint32_t"
iso14443_4a_poller_halt,Function,NFC,not_bridged,Iso14443_4aError,Iso14443_4aPoller*
iso14443_4a_poller_read_ats,Function,NFC,not_bridged,Iso14443_4aError,"Iso14443_4aPoller*, Iso14443_4aAtsData*"
iso14443_4a_poller_send_block,Function,NFC,native_export_needs_arm_bridge,Iso14443_4aError,"Iso14443_4aPoller*, const BitBuffer*, BitBuffer*"
iso14443_4a_poller_send_chain_block,Function,NFC,not_bridged,Iso14443_4aError,"Iso14443_4aPoller*, const BitBuffer*, BitBuffer*"
iso14443_4a_poller_send_receive_ready_block,Function,NFC,not_bridged,Iso14443_4aError,"Iso14443_4aPoller*, _Bool, const BitBuffer*, BitBuffer*"
iso14443_4a_poller_send_supervisory_block,Function,NFC,not_bridged,Iso14443_4aError,"Iso14443_4aPoller*, _Bool, const BitBuffer*, BitBuffer*"
iso14443_4a_reset,Function,NFC,not_bridged,void,Iso14443_4aData*
iso14443_4a_save,Function,NFC,not_bridged,_Bool,"const Iso14443_4aData*, FlipperFormat*"
iso14443_4a_set_uid,Function,NFC,not_bridged,_Bool,"Iso14443_4aData*, const uint8_t*, size_t"
iso14443_4a_supports_bit_rate,Function,NFC,not_bridged,_Bool,"const Iso14443_4aData*, Iso14443_4aBitRate"
iso14443_4a_supports_frame_option,Function,NFC,not_bridged,_Bool,"const Iso14443_4aData*, Iso14443_4aFrameOption"
iso14443_4a_verify,Function,NFC,not_bridged,_Bool,"Iso14443_4aData*, const FuriString*"
iso14443_4b_alloc,Function,NFC,not_bridged,Iso14443_4bData*,
iso14443_4b_copy,Function,NFC,not_bridged,void,"Iso14443_4bData*, const Iso14443_4bData*"
iso14443_4b_free,Function,NFC,not_bridged,void,Iso14443_4bData*
iso14443_4b_get_base_data,Function,NFC,not_bridged,Iso14443_3bData*,const Iso14443_4bData*
iso14443_4b_get_device_name,Function,NFC,not_bridged,const char*,"const Iso14443_4bData*, NfcDeviceNameType"
iso14443_4b_get_uid,Function,NFC,not_bridged,const uint8_t*,"const Iso14443_4bData*, size_t*"
iso14443_4b_is_equal,Function,NFC,not_bridged,_Bool,"const Iso14443_4bData*, const Iso14443_4bData*"
iso14443_4b_load,Function,NFC,not_bridged,_Bool,"Iso14443_4bData*, FlipperFormat*, uint32_t"
iso14443_4b_poller_halt,Function,NFC,not_bridged,Iso14443_4bError,Iso14443_4bPoller*
iso14443_4b_poller_send_block,Function,NFC,native_export_needs_arm_bridge,Iso14443_4bError,"Iso14443_4bPoller*, const BitBuffer*, BitBuffer*"
iso14443_4b_reset,Function,NFC,not_bridged,void,Iso14443_4bData*
iso14443_4b_save,Function,NFC,not_bridged,_Bool,"const Iso14443_4bData*, FlipperFormat*"
iso14443_4b_set_uid,Function,NFC,not_bridged,_Bool,"Iso14443_4bData*, const uint8_t*, size_t"
iso14443_4b_verify,Function,NFC,not_bridged,_Bool,"Iso14443_4bData*, const FuriString*"
iso14443_crc_append,Function,NFC,not_bridged,void,"Iso14443CrcType, BitBuffer*"
iso14443_crc_check,Function,NFC,not_bridged,_Bool,"Iso14443CrcType, const BitBuffer*"
iso14443_crc_trim,Function,NFC,not_bridged,void,BitBuffer*
iso15693_3_alloc,Function,NFC,not_bridged,Iso15693_3Data*,
iso15693_3_copy,Function,NFC,not_bridged,void,"Iso15693_3Data*, const Iso15693_3Data*"
iso15693_3_free,Function,NFC,not_bridged,void,Iso15693_3Data*
iso15693_3_get_base_data,Function,NFC,not_bridged,Iso15693_3Data*,const Iso15693_3Data*
iso15693_3_get_block_count,Function,NFC,native_export_needs_arm_bridge,uint16_t,const Iso15693_3Data*
iso15693_3_get_block_data,Function,NFC,not_bridged,const uint8_t*,"const Iso15693_3Data*, uint8_t"
iso15693_3_get_block_size,Function,NFC,native_export_needs_arm_bridge,uint8_t,const Iso15693_3Data*
iso15693_3_get_device_name,Function,NFC,not_bridged,const char*,"const Iso15693_3Data*, NfcDeviceNameType"
iso15693_3_get_manufacturer_id,Function,NFC,not_bridged,uint8_t,const Iso15693_3Data*
iso15693_3_get_uid,Function,NFC,not_bridged,const uint8_t*,"const Iso15693_3Data*, size_t*"
iso15693_3_is_block_locked,Function,NFC,not_bridged,_Bool,"const Iso15693_3Data*, uint8_t"
iso15693_3_is_equal,Function,NFC,not_bridged,_Bool,"const Iso15693_3Data*, const Iso15693_3Data*"
iso15693_3_load,Function,NFC,not_bridged,_Bool,"Iso15693_3Data*, FlipperFormat*, uint32_t"
iso15693_3_poller_activate,Function,NFC,not_bridged,Iso15693_3Error,"Iso15693_3Poller*, Iso15693_3Data*"
iso15693_3_poller_get_blocks_security,Function,NFC,not_bridged,Iso15693_3Error,"Iso15693_3Poller*, uint8_t*, uint16_t"
iso15693_3_poller_get_system_info,Function,NFC,not_bridged,Iso15693_3Error,"Iso15693_3Poller*, Iso15693_3SystemInfo*"
iso15693_3_poller_inventory,Function,NFC,not_bridged,Iso15693_3Error,"Iso15693_3Poller*, uint8_t*"
iso15693_3_poller_read_block,Function,NFC,not_bridged,Iso15693_3Error,"Iso15693_3Poller*, uint8_t*, uint8_t, uint8_t"
iso15693_3_poller_read_blocks,Function,NFC,not_bridged,Iso15693_3Error,"Iso15693_3Poller*, uint8_t*, uint16_t, uint8_t"
iso15693_3_poller_send_frame,Function,NFC,not_bridged,Iso15693_3Error,"Iso15693_3Poller*, const BitBuffer*, BitBuffer*, uint32_t"
iso15693_3_reset,Function,NFC,not_bridged,void,Iso15693_3Data*
iso15693_3_save,Function,NFC,not_bridged,_Bool,"const Iso15693_3Data*, FlipperFormat*"
iso15693_3_set_uid,Function,NFC,not_bridged,_Bool,"Iso15693_3Data*, const uint8_t*, size_t"
iso15693_3_verify,Function,NFC,not_bridged,_Bool,"Iso15693_3Data*, const FuriString*"
itoa,Function,Other libraries and assets,not_bridged,char*,"int, char*, int"
keys_dict_add_key,Function,Other libraries and assets,not_bridged,_Bool,"KeysDict*, const uint8_t*, size_t"
keys_dict_alloc,Function,Other libraries and assets,not_bridged,KeysDict*,"const char*, KeysDictMode, size_t"
keys_dict_check_presence,Function,Other libraries and assets,not_bridged,_Bool,const char*
keys_dict_delete_key,Function,Other libraries and assets,not_bridged,_Bool,"KeysDict*, const uint8_t*, size_t"
keys_dict_free,Function,Other libraries and assets,not_bridged,void,KeysDict*
keys_dict_get_next_key,Function,Other libraries and assets,not_bridged,_Bool,"KeysDict*, uint8_t*, size_t"
keys_dict_get_total_keys,Function,Other libraries and assets,not_bridged,size_t,KeysDict*
keys_dict_is_key_present,Function,Other libraries and assets,not_bridged,_Bool,"KeysDict*, const uint8_t*, size_t"
keys_dict_rewind,Function,Other libraries and assets,not_bridged,_Bool,KeysDict*
lfrfid_dict_file_load,Function,Other libraries and assets,not_bridged,ProtocolId,"ProtocolDict*, const char*"
lfrfid_dict_file_save,Function,Other libraries and assets,not_bridged,_Bool,"ProtocolDict*, ProtocolId, const char*"
lfrfid_protocols,Variable,Other libraries and assets,not_bridged,const ProtocolBase* const[],
lfrfid_raw_file_alloc,Function,Other libraries and assets,not_bridged,LFRFIDRawFile*,Storage*
lfrfid_raw_file_free,Function,Other libraries and assets,not_bridged,void,LFRFIDRawFile*
lfrfid_raw_file_open_read,Function,Other libraries and assets,not_bridged,_Bool,"LFRFIDRawFile*, const char*"
lfrfid_raw_file_open_write,Function,Other libraries and assets,not_bridged,_Bool,"LFRFIDRawFile*, const char*"
lfrfid_raw_file_read_header,Function,Other libraries and assets,not_bridged,_Bool,"LFRFIDRawFile*, float*, float*"
lfrfid_raw_file_read_pair,Function,Other libraries and assets,not_bridged,_Bool,"LFRFIDRawFile*, uint32_t*, uint32_t*, _Bool*"
lfrfid_raw_file_write_buffer,Function,Other libraries and assets,not_bridged,_Bool,"LFRFIDRawFile*, uint8_t*, size_t"
lfrfid_raw_file_write_header,Function,Other libraries and assets,not_bridged,_Bool,"LFRFIDRawFile*, float, float, uint32_t"
lfrfid_raw_worker_alloc,Function,Other libraries and assets,not_bridged,LFRFIDRawWorker*,
lfrfid_raw_worker_free,Function,Other libraries and assets,not_bridged,void,LFRFIDRawWorker*
lfrfid_raw_worker_start_emulate,Function,Other libraries and assets,not_bridged,void,"LFRFIDRawWorker*, const char*, LFRFIDWorkerEmulateRawCallback, void*"
lfrfid_raw_worker_start_read,Function,Other libraries and assets,not_bridged,void,"LFRFIDRawWorker*, const char*, float, float, LFRFIDWorkerReadRawCallback, void*"
lfrfid_raw_worker_stop,Function,Other libraries and assets,not_bridged,void,LFRFIDRawWorker*
lfrfid_worker_alloc,Function,Other libraries and assets,not_bridged,LFRFIDWorker*,ProtocolDict*
lfrfid_worker_emulate_raw_start,Function,Other libraries and assets,not_bridged,void,"LFRFIDWorker*, const char*, LFRFIDWorkerEmulateRawCallback, void*"
lfrfid_worker_emulate_start,Function,Other libraries and assets,not_bridged,void,"LFRFIDWorker*, LFRFIDProtocol"
lfrfid_worker_free,Function,Other libraries and assets,not_bridged,void,LFRFIDWorker*
lfrfid_worker_read_raw_start,Function,Other libraries and assets,not_bridged,void,"LFRFIDWorker*, const char*, LFRFIDWorkerReadType, LFRFIDWorkerReadRawCallback, void*"
lfrfid_worker_read_start,Function,Other libraries and assets,not_bridged,void,"LFRFIDWorker*, LFRFIDWorkerReadType, LFRFIDWorkerReadCallback, void*"
lfrfid_worker_start_thread,Function,Other libraries and assets,not_bridged,void,LFRFIDWorker*
lfrfid_worker_stop,Function,Other libraries and assets,not_bridged,void,LFRFIDWorker*
lfrfid_worker_stop_thread,Function,Other libraries and assets,not_bridged,void,LFRFIDWorker*
lfrfid_worker_write_start,Function,Other libraries and assets,not_bridged,void,"LFRFIDWorker*, LFRFIDProtocol, LFRFIDWorkerWriteCallback, void*"
loader_clear_launch_queue,Function,Other libraries and assets,not_bridged,void,Loader*
loader_enqueue_launch,Function,Other libraries and assets,not_bridged,void,"Loader*, const char*, const char*, LoaderDeferredLaunchFlag"
loader_get_application_launch_path,Function,Other libraries and assets,not_bridged,_Bool,"Loader*, FuriString*"
loader_get_application_name,Function,Other libraries and assets,not_bridged,_Bool,"Loader*, FuriString*"
loader_get_pubsub,Function,Other libraries and assets,not_bridged,FuriPubSub*,Loader*
loader_is_locked,Function,Other libraries and assets,not_bridged,_Bool,Loader*
loader_lock,Function,Other libraries and assets,not_bridged,_Bool,Loader*
loader_show_menu,Function,Other libraries and assets,not_bridged,void,Loader*
loader_signal,Function,Other libraries and assets,not_bridged,_Bool,"Loader*, uint32_t, void*"
loader_start,Function,Other libraries and assets,not_bridged,LoaderStatus,"Loader*, const char*, const char*, FuriString*"
loader_start_detached_with_gui_error,Function,Other libraries and assets,not_bridged,void,"Loader*, const char*, const char*"
loader_start_with_gui_error,Function,Other libraries and assets,not_bridged,LoaderStatus,"Loader*, const char*, const char*"
loader_unlock,Function,Other libraries and assets,not_bridged,void,Loader*
loading_alloc,Function,Other libraries and assets,native_export_needs_arm_bridge,Loading*,
loading_free,Function,Other libraries and assets,native_export_needs_arm_bridge,void,Loading*
loading_get_view,Function,Other libraries and assets,native_export_needs_arm_bridge,View*,Loading*
locale_celsius_to_fahrenheit,Function,Other libraries and assets,native_export_needs_arm_bridge,float,float
locale_fahrenheit_to_celsius,Function,Other libraries and assets,native_export_needs_arm_bridge,float,float
locale_format_date,Function,Other libraries and assets,native_export_needs_arm_bridge,void,"FuriString*, const DateTime*, const LocaleDateFormat, const char*"
locale_format_time,Function,Other libraries and assets,native_export_needs_arm_bridge,void,"FuriString*, const DateTime*, const LocaleTimeFormat, const _Bool"
locale_get_date_format,Function,Other libraries and assets,native_export_needs_arm_bridge,LocaleDateFormat,
locale_get_measurement_unit,Function,Other libraries and assets,not_bridged,LocaleMeasurementUnits,
locale_get_time_format,Function,Other libraries and assets,native_export_needs_arm_bridge,LocaleTimeFormat,
locale_set_date_format,Function,Other libraries and assets,not_bridged,void,LocaleDateFormat
locale_set_measurement_unit,Function,Other libraries and assets,not_bridged,void,LocaleMeasurementUnits
locale_set_time_format,Function,Other libraries and assets,not_bridged,void,LocaleTimeFormat
malloc,Function,Other libraries and assets,bridged_subset,void*,size_t
manchester_advance,Function,Other libraries and assets,native_export_needs_arm_bridge,_Bool,"ManchesterState, ManchesterEvent, ManchesterState*, _Bool*"
manchester_encoder_advance,Function,Other libraries and assets,not_bridged,_Bool,"ManchesterEncoderState*, const _Bool, ManchesterEncoderResult*"
manchester_encoder_finish,Function,Other libraries and assets,not_bridged,ManchesterEncoderResult,ManchesterEncoderState*
manchester_encoder_reset,Function,Other libraries and assets,not_bridged,void,ManchesterEncoderState*
maxim_crc8,Function,Other libraries and assets,not_bridged,uint8_t,"const uint8_t*, const uint8_t, const uint8_t"
md5_calc_file,Function,Other libraries and assets,not_bridged,_Bool,"File*, const char*, unsigned char[16], FS_Error*"
md5_string_calc_file,Function,Other libraries and assets,not_bridged,_Bool,"File*, const char*, FuriString*, FS_Error*"
memchr,Function,Other libraries and assets,native_export_needs_arm_bridge,void*,"const void*, int, size_t"
memcmp,Function,Other libraries and assets,native_export_needs_arm_bridge,int,"const void*, const void*, size_t"
memcpy,Function,Other libraries and assets,bridged_subset,void*,"void*, const void*, size_t"
memmgr_get_free_heap,Function,Other libraries and assets,native_export_needs_arm_bridge,size_t,
memmgr_get_minimum_free_heap,Function,Other libraries and assets,not_bridged,size_t,
memmgr_get_total_heap,Function,Other libraries and assets,not_bridged,size_t,
memmgr_heap_disable_thread_trace,Function,Other libraries and assets,not_bridged,void,FuriThreadId
memmgr_heap_enable_thread_trace,Function,Other libraries and assets,not_bridged,void,FuriThreadId
memmgr_heap_get_max_free_block,Function,Other libraries and assets,not_bridged,size_t,
memmgr_heap_get_thread_memory,Function,Other libraries and assets,not_bridged,size_t,FuriThreadId
memmgr_heap_printf_free_blocks,Function,Other libraries and assets,not_bridged,void,
memmove,Function,Other libraries and assets,bridged_subset,void*,"void*, const void*, size_t"
memset,Function,Other libraries and assets,bridged_subset,void*,"void*, int, size_t"
menu_add_item,Function,Other libraries and assets,native_export_needs_arm_bridge,void,"Menu*, const char*, const Icon*, uint32_t, MenuItemCallback, void*"
menu_alloc,Function,Other libraries and assets,native_export_needs_arm_bridge,Menu*,
menu_free,Function,Other libraries and assets,native_export_needs_arm_bridge,void,Menu*
menu_get_view,Function,Other libraries and assets,native_export_needs_arm_bridge,View*,Menu*
menu_reset,Function,Other libraries and assets,native_export_needs_arm_bridge,void,Menu*
menu_set_selected_item,Function,Other libraries and assets,not_bridged,void,"Menu*, uint32_t"
message_blink_set_color_blue,Variable,Other libraries and assets,not_bridged,const NotificationMessage,
message_blink_set_color_cyan,Variable,Other libraries and assets,not_bridged,const NotificationMessage,
message_blink_set_color_green,Variable,Other libraries and assets,not_bridged,const NotificationMessage,
message_blink_set_color_magenta,Variable,Other libraries and assets,not_bridged,const NotificationMessage,
message_blink_set_color_red,Variable,Other libraries and assets,not_bridged,const NotificationMessage,
message_blink_set_color_white,Variable,Other libraries and assets,not_bridged,const NotificationMessage,
message_blink_set_color_yellow,Variable,Other libraries and assets,not_bridged,const NotificationMessage,
message_blink_start_10,Variable,Other libraries and assets,not_bridged,const NotificationMessage,
message_blink_start_100,Variable,Other libraries and assets,not_bridged,const NotificationMessage,
message_blink_stop,Variable,Other libraries and assets,not_bridged,const NotificationMessage,
message_blue_0,Variable,Other libraries and assets,not_bridged,const NotificationMessage,
message_blue_255,Variable,Other libraries and assets,not_bridged,const NotificationMessage,
message_click,Variable,Other libraries and assets,not_bridged,const NotificationMessage,
message_delay_1,Variable,Other libraries and assets,not_bridged,const NotificationMessage,
message_delay_10,Variable,Other libraries and assets,not_bridged,const NotificationMessage,
message_delay_100,Variable,Other libraries and assets,not_bridged,const NotificationMessage,
message_delay_1000,Variable,Other libraries and assets,not_bridged,const NotificationMessage,
message_delay_25,Variable,Other libraries and assets,not_bridged,const NotificationMessage,
message_delay_250,Variable,Other libraries and assets,not_bridged,const NotificationMessage,
message_delay_50,Variable,Other libraries and assets,not_bridged,const NotificationMessage,
message_delay_500,Variable,Other libraries and assets,not_bridged,const NotificationMessage,
message_display_backlight_enforce_auto,Variable,Other libraries and assets,not_bridged,const NotificationMessage,
message_display_backlight_enforce_on,Variable,Other libraries and assets,not_bridged,const NotificationMessage,
message_display_backlight_off,Variable,Other libraries and assets,not_bridged,const NotificationMessage,
message_display_backlight_on,Variable,Other libraries and assets,not_bridged,const NotificationMessage,
message_do_not_reset,Variable,Other libraries and assets,not_bridged,const NotificationMessage,
message_force_display_brightness_setting_1f,Variable,Other libraries and assets,not_bridged,const NotificationMessage,
message_force_speaker_volume_setting_1f,Variable,Other libraries and assets,not_bridged,const NotificationMessage,
message_force_vibro_setting_off,Variable,Other libraries and assets,not_bridged,const NotificationMessage,
message_force_vibro_setting_on,Variable,Other libraries and assets,not_bridged,const NotificationMessage,
message_green_0,Variable,Other libraries and assets,not_bridged,const NotificationMessage,
message_green_255,Variable,Other libraries and assets,not_bridged,const NotificationMessage,
message_lcd_contrast_update,Variable,Other libraries and assets,not_bridged,const NotificationMessage,
message_note_a0,Variable,Other libraries and assets,not_bridged,const NotificationMessage,
message_note_a1,Variable,Other libraries and assets,not_bridged,const NotificationMessage,
message_note_a2,Variable,Other libraries and assets,not_bridged,const NotificationMessage,
message_note_a3,Variable,Other libraries and assets,not_bridged,const NotificationMessage,
message_note_a4,Variable,Other libraries and assets,not_bridged,const NotificationMessage,
message_note_a5,Variable,Other libraries and assets,not_bridged,const NotificationMessage,
message_note_a6,Variable,Other libraries and assets,not_bridged,const NotificationMessage,
message_note_a7,Variable,Other libraries and assets,not_bridged,const NotificationMessage,
message_note_a8,Variable,Other libraries and assets,not_bridged,const NotificationMessage,
message_note_as0,Variable,Other libraries and assets,not_bridged,const NotificationMessage,
message_note_as1,Variable,Other libraries and assets,not_bridged,const NotificationMessage,
message_note_as2,Variable,Other libraries and assets,not_bridged,const NotificationMessage,
message_note_as3,Variable,Other libraries and assets,not_bridged,const NotificationMessage,
message_note_as4,Variable,Other libraries and assets,not_bridged,const NotificationMessage,
message_note_as5,Variable,Other libraries and assets,not_bridged,const NotificationMessage,
message_note_as6,Variable,Other libraries and assets,not_bridged,const NotificationMessage,
message_note_as7,Variable,Other libraries and assets,not_bridged,const NotificationMessage,
message_note_as8,Variable,Other libraries and assets,not_bridged,const NotificationMessage,
message_note_b0,Variable,Other libraries and assets,not_bridged,const NotificationMessage,
message_note_b1,Variable,Other libraries and assets,not_bridged,const NotificationMessage,
message_note_b2,Variable,Other libraries and assets,not_bridged,const NotificationMessage,
message_note_b3,Variable,Other libraries and assets,not_bridged,const NotificationMessage,
message_note_b4,Variable,Other libraries and assets,not_bridged,const NotificationMessage,
message_note_b5,Variable,Other libraries and assets,not_bridged,const NotificationMessage,
message_note_b6,Variable,Other libraries and assets,not_bridged,const NotificationMessage,
message_note_b7,Variable,Other libraries and assets,not_bridged,const NotificationMessage,
message_note_b8,Variable,Other libraries and assets,not_bridged,const NotificationMessage,
message_note_c0,Variable,Other libraries and assets,not_bridged,const NotificationMessage,
message_note_c1,Variable,Other libraries and assets,not_bridged,const NotificationMessage,
message_note_c2,Variable,Other libraries and assets,not_bridged,const NotificationMessage,
message_note_c3,Variable,Other libraries and assets,not_bridged,const NotificationMessage,
message_note_c4,Variable,Other libraries and assets,not_bridged,const NotificationMessage,
message_note_c5,Variable,Other libraries and assets,not_bridged,const NotificationMessage,
message_note_c6,Variable,Other libraries and assets,not_bridged,const NotificationMessage,
message_note_c7,Variable,Other libraries and assets,not_bridged,const NotificationMessage,
message_note_c8,Variable,Other libraries and assets,not_bridged,const NotificationMessage,
message_note_cs0,Variable,Other libraries and assets,not_bridged,const NotificationMessage,
message_note_cs1,Variable,Other libraries and assets,not_bridged,const NotificationMessage,
message_note_cs2,Variable,Other libraries and assets,not_bridged,const NotificationMessage,
message_note_cs3,Variable,Other libraries and assets,not_bridged,const NotificationMessage,
message_note_cs4,Variable,Other libraries and assets,not_bridged,const NotificationMessage,
message_note_cs5,Variable,Other libraries and assets,not_bridged,const NotificationMessage,
message_note_cs6,Variable,Other libraries and assets,not_bridged,const NotificationMessage,
message_note_cs7,Variable,Other libraries and assets,not_bridged,const NotificationMessage,
message_note_cs8,Variable,Other libraries and assets,not_bridged,const NotificationMessage,
message_note_d0,Variable,Other libraries and assets,not_bridged,const NotificationMessage,
message_note_d1,Variable,Other libraries and assets,not_bridged,const NotificationMessage,
message_note_d2,Variable,Other libraries and assets,not_bridged,const NotificationMessage,
message_note_d3,Variable,Other libraries and assets,not_bridged,const NotificationMessage,
message_note_d4,Variable,Other libraries and assets,not_bridged,const NotificationMessage,
message_note_d5,Variable,Other libraries and assets,not_bridged,const NotificationMessage,
message_note_d6,Variable,Other libraries and assets,not_bridged,const NotificationMessage,
message_note_d7,Variable,Other libraries and assets,not_bridged,const NotificationMessage,
message_note_d8,Variable,Other libraries and assets,not_bridged,const NotificationMessage,
message_note_ds0,Variable,Other libraries and assets,not_bridged,const NotificationMessage,
message_note_ds1,Variable,Other libraries and assets,not_bridged,const NotificationMessage,
message_note_ds2,Variable,Other libraries and assets,not_bridged,const NotificationMessage,
message_note_ds3,Variable,Other libraries and assets,not_bridged,const NotificationMessage,
message_note_ds4,Variable,Other libraries and assets,not_bridged,const NotificationMessage,
message_note_ds5,Variable,Other libraries and assets,not_bridged,const NotificationMessage,
message_note_ds6,Variable,Other libraries and assets,not_bridged,const NotificationMessage,
message_note_ds7,Variable,Other libraries and assets,not_bridged,const NotificationMessage,
message_note_ds8,Variable,Other libraries and assets,not_bridged,const NotificationMessage,
message_note_e0,Variable,Other libraries and assets,not_bridged,const NotificationMessage,
message_note_e1,Variable,Other libraries and assets,not_bridged,const NotificationMessage,
message_note_e2,Variable,Other libraries and assets,not_bridged,const NotificationMessage,
message_note_e3,Variable,Other libraries and assets,not_bridged,const NotificationMessage,
message_note_e4,Variable,Other libraries and assets,not_bridged,const NotificationMessage,
message_note_e5,Variable,Other libraries and assets,not_bridged,const NotificationMessage,
message_note_e6,Variable,Other libraries and assets,not_bridged,const NotificationMessage,
message_note_e7,Variable,Other libraries and assets,not_bridged,const NotificationMessage,
message_note_e8,Variable,Other libraries and assets,not_bridged,const NotificationMessage,
message_note_f0,Variable,Other libraries and assets,not_bridged,const NotificationMessage,
message_note_f1,Variable,Other libraries and assets,not_bridged,const NotificationMessage,
message_note_f2,Variable,Other libraries and assets,not_bridged,const NotificationMessage,
message_note_f3,Variable,Other libraries and assets,not_bridged,const NotificationMessage,
message_note_f4,Variable,Other libraries and assets,not_bridged,const NotificationMessage,
message_note_f5,Variable,Other libraries and assets,not_bridged,const NotificationMessage,
message_note_f6,Variable,Other libraries and assets,not_bridged,const NotificationMessage,
message_note_f7,Variable,Other libraries and assets,not_bridged,const NotificationMessage,
message_note_f8,Variable,Other libraries and assets,not_bridged,const NotificationMessage,
message_note_fs0,Variable,Other libraries and assets,not_bridged,const NotificationMessage,
message_note_fs1,Variable,Other libraries and assets,not_bridged,const NotificationMessage,
message_note_fs2,Variable,Other libraries and assets,not_bridged,const NotificationMessage,
message_note_fs3,Variable,Other libraries and assets,not_bridged,const NotificationMessage,
message_note_fs4,Variable,Other libraries and assets,not_bridged,const NotificationMessage,
message_note_fs5,Variable,Other libraries and assets,not_bridged,const NotificationMessage,
message_note_fs6,Variable,Other libraries and assets,not_bridged,const NotificationMessage,
message_note_fs7,Variable,Other libraries and assets,not_bridged,const NotificationMessage,
message_note_fs8,Variable,Other libraries and assets,not_bridged,const NotificationMessage,
message_note_g0,Variable,Other libraries and assets,not_bridged,const NotificationMessage,
message_note_g1,Variable,Other libraries and assets,not_bridged,const NotificationMessage,
message_note_g2,Variable,Other libraries and assets,not_bridged,const NotificationMessage,
message_note_g3,Variable,Other libraries and assets,not_bridged,const NotificationMessage,
message_note_g4,Variable,Other libraries and assets,not_bridged,const NotificationMessage,
message_note_g5,Variable,Other libraries and assets,not_bridged,const NotificationMessage,
message_note_g6,Variable,Other libraries and assets,not_bridged,const NotificationMessage,
message_note_g7,Variable,Other libraries and assets,not_bridged,const NotificationMessage,
message_note_g8,Variable,Other libraries and assets,not_bridged,const NotificationMessage,
message_note_gs0,Variable,Other libraries and assets,not_bridged,const NotificationMessage,
message_note_gs1,Variable,Other libraries and assets,not_bridged,const NotificationMessage,
message_note_gs2,Variable,Other libraries and assets,not_bridged,const NotificationMessage,
message_note_gs3,Variable,Other libraries and assets,not_bridged,const NotificationMessage,
message_note_gs4,Variable,Other libraries and assets,not_bridged,const NotificationMessage,
message_note_gs5,Variable,Other libraries and assets,not_bridged,const NotificationMessage,
message_note_gs6,Variable,Other libraries and assets,not_bridged,const NotificationMessage,
message_note_gs7,Variable,Other libraries and assets,not_bridged,const NotificationMessage,
message_note_gs8,Variable,Other libraries and assets,not_bridged,const NotificationMessage,
message_red_0,Variable,Other libraries and assets,not_bridged,const NotificationMessage,
message_red_255,Variable,Other libraries and assets,not_bridged,const NotificationMessage,
message_sound_off,Variable,Other libraries and assets,not_bridged,const NotificationMessage,
message_vibro_off,Variable,Other libraries and assets,not_bridged,const NotificationMessage,
message_vibro_on,Variable,Other libraries and assets,not_bridged,const NotificationMessage,
mf_classic_alloc,Function,NFC,native_export_needs_arm_bridge,MfClassicData*,
mf_classic_block_to_value,Function,NFC,native_export_needs_arm_bridge,_Bool,"const MfClassicBlock*, int32_t*, uint8_t*"
mf_classic_copy,Function,NFC,not_bridged,void,"MfClassicData*, const MfClassicData*"
mf_classic_free,Function,NFC,native_export_needs_arm_bridge,void,MfClassicData*
mf_classic_get_base_data,Function,NFC,not_bridged,Iso14443_3aData*,const MfClassicData*
mf_classic_get_blocks_num_in_sector,Function,NFC,not_bridged,uint8_t,uint8_t
mf_classic_get_device_name,Function,NFC,not_bridged,const char*,"const MfClassicData*, NfcDeviceNameType"
mf_classic_get_first_block_num_of_sector,Function,NFC,native_export_needs_arm_bridge,uint8_t,uint8_t
mf_classic_get_key,Function,NFC,not_bridged,MfClassicKey,"const MfClassicData*, uint8_t, MfClassicKeyType"
mf_classic_get_read_sectors_and_keys,Function,NFC,not_bridged,void,"const MfClassicData*, uint8_t*, uint8_t*"
mf_classic_get_sector_by_block,Function,NFC,native_export_needs_arm_bridge,uint8_t,uint8_t
mf_classic_get_sector_trailer_by_sector,Function,NFC,native_export_needs_arm_bridge,MfClassicSectorTrailer*,"const MfClassicData*, uint8_t"
mf_classic_get_sector_trailer_num_by_block,Function,NFC,native_export_needs_arm_bridge,uint8_t,uint8_t
mf_classic_get_sector_trailer_num_by_sector,Function,NFC,not_bridged,uint8_t,uint8_t
mf_classic_get_total_block_num,Function,NFC,not_bridged,uint16_t,MfClassicType
mf_classic_get_total_sectors_num,Function,NFC,native_export_needs_arm_bridge,uint8_t,MfClassicType
mf_classic_get_uid,Function,NFC,native_export_needs_arm_bridge,const uint8_t*,"const MfClassicData*, size_t*"
mf_classic_is_allowed_access,Function,NFC,not_bridged,_Bool,"MfClassicData*, uint8_t, MfClassicKeyType, MfClassicAction"
mf_classic_is_allowed_access_data_block,Function,NFC,not_bridged,_Bool,"MfClassicSectorTrailer*, uint8_t, MfClassicKeyType, MfClassicAction"
mf_classic_is_block_read,Function,NFC,native_export_needs_arm_bridge,_Bool,"const MfClassicData*, uint8_t"
mf_classic_is_card_read,Function,NFC,native_export_needs_arm_bridge,_Bool,const MfClassicData*
mf_classic_is_equal,Function,NFC,not_bridged,_Bool,"const MfClassicData*, const MfClassicData*"
mf_classic_is_key_found,Function,NFC,not_bridged,_Bool,"const MfClassicData*, uint8_t, MfClassicKeyType"
mf_classic_is_sector_read,Function,NFC,not_bridged,_Bool,"const MfClassicData*, uint8_t"
mf_classic_is_sector_trailer,Function,NFC,not_bridged,_Bool,uint8_t
mf_classic_is_value_block,Function,NFC,not_bridged,_Bool,"MfClassicSectorTrailer*, uint8_t"
mf_classic_load,Function,NFC,not_bridged,_Bool,"MfClassicData*, FlipperFormat*, uint32_t"
mf_classic_poller_auth,Function,NFC,not_bridged,MfClassicError,"MfClassicPoller*, uint8_t, MfClassicKey*, MfClassicKeyType, MfClassicAuthContext*, _Bool"
mf_classic_poller_auth_nested,Function,NFC,not_bridged,MfClassicError,"MfClassicPoller*, uint8_t, MfClassicKey*, MfClassicKeyType, MfClassicAuthContext*, _Bool, _Bool"
mf_classic_poller_get_nt,Function,NFC,not_bridged,MfClassicError,"MfClassicPoller*, uint8_t, MfClassicKeyType, MfClassicNt*, _Bool"
mf_classic_poller_get_nt_nested,Function,NFC,not_bridged,MfClassicError,"MfClassicPoller*, uint8_t, MfClassicKeyType, MfClassicNt*, _Bool"
mf_classic_poller_halt,Function,NFC,not_bridged,MfClassicError,MfClassicPoller*
mf_classic_poller_read_block,Function,NFC,not_bridged,MfClassicError,"MfClassicPoller*, uint8_t, MfClassicBlock*"
mf_classic_poller_send_custom_parity_frame,Function,NFC,not_bridged,MfClassicError,"MfClassicPoller*, const BitBuffer*, BitBuffer*, uint32_t"
mf_classic_poller_send_encrypted_frame,Function,NFC,not_bridged,MfClassicError,"MfClassicPoller*, const BitBuffer*, BitBuffer*, uint32_t"
mf_classic_poller_send_frame,Function,NFC,not_bridged,MfClassicError,"MfClassicPoller*, const BitBuffer*, BitBuffer*, uint32_t"
mf_classic_poller_send_standard_frame,Function,NFC,not_bridged,MfClassicError,"MfClassicPoller*, const BitBuffer*, BitBuffer*, uint32_t"
mf_classic_poller_sync_auth,Function,NFC,native_export_needs_arm_bridge,MfClassicError,"Nfc*, uint8_t, MfClassicKey*, MfClassicKeyType, MfClassicAuthContext*"
mf_classic_poller_sync_change_value,Function,NFC,not_bridged,MfClassicError,"Nfc*, uint8_t, MfClassicKey*, MfClassicKeyType, int32_t, int32_t*"
mf_classic_poller_sync_collect_nt,Function,NFC,not_bridged,MfClassicError,"Nfc*, uint8_t, MfClassicKeyType, MfClassicNt*"
mf_classic_poller_sync_detect_type,Function,NFC,native_export_needs_arm_bridge,MfClassicError,"Nfc*, MfClassicType*"
mf_classic_poller_sync_read,Function,NFC,native_export_needs_arm_bridge,MfClassicError,"Nfc*, const MfClassicDeviceKeys*, MfClassicData*"
mf_classic_poller_sync_read_block,Function,NFC,native_export_needs_arm_bridge,MfClassicError,"Nfc*, uint8_t, MfClassicKey*, MfClassicKeyType, MfClassicBlock*"
mf_classic_poller_sync_read_value,Function,NFC,not_bridged,MfClassicError,"Nfc*, uint8_t, MfClassicKey*, MfClassicKeyType, int32_t*"
mf_classic_poller_sync_write_block,Function,NFC,not_bridged,MfClassicError,"Nfc*, uint8_t, MfClassicKey*, MfClassicKeyType, MfClassicBlock*"
mf_classic_poller_value_cmd,Function,NFC,not_bridged,MfClassicError,"MfClassicPoller*, uint8_t, MfClassicValueCommand, int32_t"
mf_classic_poller_value_transfer,Function,NFC,not_bridged,MfClassicError,"MfClassicPoller*, uint8_t"
mf_classic_poller_write_block,Function,NFC,not_bridged,MfClassicError,"MfClassicPoller*, uint8_t, MfClassicBlock*"
mf_classic_reset,Function,NFC,not_bridged,void,MfClassicData*
mf_classic_save,Function,NFC,not_bridged,_Bool,"const MfClassicData*, FlipperFormat*"
mf_classic_set_block_read,Function,NFC,not_bridged,void,"MfClassicData*, uint8_t, MfClassicBlock*"
mf_classic_set_key_found,Function,NFC,not_bridged,void,"MfClassicData*, uint8_t, MfClassicKeyType, uint64_t"
mf_classic_set_key_not_found,Function,NFC,not_bridged,void,"MfClassicData*, uint8_t, MfClassicKeyType"
mf_classic_set_sector_trailer_read,Function,NFC,not_bridged,void,"MfClassicData*, uint8_t, MfClassicSectorTrailer*"
mf_classic_set_uid,Function,NFC,not_bridged,_Bool,"MfClassicData*, const uint8_t*, size_t"
mf_classic_value_to_block,Function,NFC,not_bridged,void,"int32_t, uint8_t, MfClassicBlock*"
mf_classic_verify,Function,NFC,not_bridged,_Bool,"MfClassicData*, const FuriString*"
mf_desfire_alloc,Function,NFC,not_bridged,MfDesfireData*,
mf_desfire_copy,Function,NFC,not_bridged,void,"MfDesfireData*, const MfDesfireData*"
mf_desfire_free,Function,NFC,not_bridged,void,MfDesfireData*
mf_desfire_get_application,Function,NFC,native_export_needs_arm_bridge,const MfDesfireApplication*,"const MfDesfireData*, const MfDesfireApplicationId*"
mf_desfire_get_base_data,Function,NFC,not_bridged,Iso14443_4aData*,const MfDesfireData*
mf_desfire_get_device_name,Function,NFC,not_bridged,const char*,"const MfDesfireData*, NfcDeviceNameType"
mf_desfire_get_file_data,Function,NFC,native_export_needs_arm_bridge,const MfDesfireFileData*,"const MfDesfireApplication*, const MfDesfireFileId*"
mf_desfire_get_file_settings,Function,NFC,native_export_needs_arm_bridge,const MfDesfireFileSettings*,"const MfDesfireApplication*, const MfDesfireFileId*"
mf_desfire_get_uid,Function,NFC,not_bridged,const uint8_t*,"const MfDesfireData*, size_t*"
mf_desfire_is_equal,Function,NFC,not_bridged,_Bool,"const MfDesfireData*, const MfDesfireData*"
mf_desfire_load,Function,NFC,not_bridged,_Bool,"MfDesfireData*, FlipperFormat*, uint32_t"
mf_desfire_poller_read_application,Function,NFC,not_bridged,MfDesfireError,"MfDesfirePoller*, MfDesfireApplication*"
mf_desfire_poller_read_application_ids,Function,NFC,not_bridged,MfDesfireError,"MfDesfirePoller*, SimpleArray*"
mf_desfire_poller_read_applications,Function,NFC,not_bridged,MfDesfireError,"MfDesfirePoller*, const SimpleArray*, SimpleArray*"
mf_desfire_poller_read_file_data,Function,NFC,not_bridged,MfDesfireError,"MfDesfirePoller*, MfDesfireFileId, uint32_t, size_t, MfDesfireFileData*"
mf_desfire_poller_read_file_data_multi,Function,NFC,not_bridged,MfDesfireError,"MfDesfirePoller*, const SimpleArray*, const SimpleArray*, SimpleArray*"
mf_desfire_poller_read_file_ids,Function,NFC,not_bridged,MfDesfireError,"MfDesfirePoller*, SimpleArray*"
mf_desfire_poller_read_file_records,Function,NFC,not_bridged,MfDesfireError,"MfDesfirePoller*, MfDesfireFileId, uint32_t, size_t, MfDesfireFileData*"
mf_desfire_poller_read_file_settings,Function,NFC,not_bridged,MfDesfireError,"MfDesfirePoller*, MfDesfireFileId, MfDesfireFileSettings*"
mf_desfire_poller_read_file_settings_multi,Function,NFC,not_bridged,MfDesfireError,"MfDesfirePoller*, const SimpleArray*, SimpleArray*"
mf_desfire_poller_read_file_value,Function,NFC,not_bridged,MfDesfireError,"MfDesfirePoller*, MfDesfireFileId, MfDesfireFileData*"
mf_desfire_poller_read_free_memory,Function,NFC,not_bridged,MfDesfireError,"MfDesfirePoller*, MfDesfireFreeMemory*"
mf_desfire_poller_read_key_settings,Function,NFC,not_bridged,MfDesfireError,"MfDesfirePoller*, MfDesfireKeySettings*"
mf_desfire_poller_read_key_version,Function,NFC,not_bridged,MfDesfireError,"MfDesfirePoller*, uint8_t, MfDesfireKeyVersion*"
mf_desfire_poller_read_key_versions,Function,NFC,not_bridged,MfDesfireError,"MfDesfirePoller*, SimpleArray*, uint32_t"
mf_desfire_poller_read_version,Function,NFC,not_bridged,MfDesfireError,"MfDesfirePoller*, MfDesfireVersion*"
mf_desfire_poller_select_application,Function,NFC,not_bridged,MfDesfireError,"MfDesfirePoller*, const MfDesfireApplicationId*"
mf_desfire_reset,Function,NFC,not_bridged,void,MfDesfireData*
mf_desfire_save,Function,NFC,not_bridged,_Bool,"const MfDesfireData*, FlipperFormat*"
mf_desfire_send_chunks,Function,NFC,not_bridged,MfDesfireError,"MfDesfirePoller*, const BitBuffer*, BitBuffer*"
mf_desfire_set_uid,Function,NFC,not_bridged,_Bool,"MfDesfireData*, const uint8_t*, size_t"
mf_desfire_verify,Function,NFC,not_bridged,_Bool,"MfDesfireData*, const FuriString*"
mf_plus_alloc,Function,NFC,not_bridged,MfPlusData*,
mf_plus_copy,Function,NFC,not_bridged,void,"MfPlusData*, const MfPlusData*"
mf_plus_free,Function,NFC,not_bridged,void,MfPlusData*
mf_plus_get_base_data,Function,NFC,not_bridged,Iso14443_4aData*,const MfPlusData*
mf_plus_get_device_name,Function,NFC,not_bridged,const char*,"const MfPlusData*, NfcDeviceNameType"
mf_plus_get_uid,Function,NFC,not_bridged,const uint8_t*,"const MfPlusData*, size_t*"
mf_plus_is_equal,Function,NFC,not_bridged,_Bool,"const MfPlusData*, const MfPlusData*"
mf_plus_load,Function,NFC,not_bridged,_Bool,"MfPlusData*, FlipperFormat*, uint32_t"
mf_plus_poller_read_version,Function,NFC,not_bridged,MfPlusError,"MfPlusPoller*, MfPlusVersion*"
mf_plus_reset,Function,NFC,not_bridged,void,MfPlusData*
mf_plus_save,Function,NFC,not_bridged,_Bool,"const MfPlusData*, FlipperFormat*"
mf_plus_set_uid,Function,NFC,not_bridged,_Bool,"MfPlusData*, const uint8_t*, size_t"
mf_plus_verify,Function,NFC,not_bridged,_Bool,"MfPlusData*, const FuriString*"
mf_ultralight_3des_decrypt,Function,NFC,not_bridged,void,"mbedtls_des3_context*, const uint8_t*, const uint8_t*, const uint8_t*, const uint8_t, uint8_t*"
mf_ultralight_3des_encrypt,Function,NFC,not_bridged,void,"mbedtls_des3_context*, const uint8_t*, const uint8_t*, const uint8_t*, const uint8_t, uint8_t*"
mf_ultralight_3des_get_key,Function,NFC,not_bridged,const uint8_t*,const MfUltralightData*
mf_ultralight_3des_key_valid,Function,NFC,not_bridged,_Bool,const MfUltralightData*
mf_ultralight_3des_shift_data,Function,NFC,not_bridged,void,uint8_t* const
mf_ultralight_alloc,Function,NFC,not_bridged,MfUltralightData*,
mf_ultralight_copy,Function,NFC,not_bridged,void,"MfUltralightData*, const MfUltralightData*"
mf_ultralight_detect_protocol,Function,NFC,not_bridged,_Bool,const Iso14443_3aData*
mf_ultralight_free,Function,NFC,not_bridged,void,MfUltralightData*
mf_ultralight_get_base_data,Function,NFC,not_bridged,Iso14443_3aData*,const MfUltralightData*
mf_ultralight_get_config_page,Function,NFC,not_bridged,_Bool,"const MfUltralightData*, MfUltralightConfigPages**"
mf_ultralight_get_config_page_num,Function,NFC,not_bridged,uint16_t,MfUltralightType
mf_ultralight_get_device_name,Function,NFC,not_bridged,const char*,"const MfUltralightData*, NfcDeviceNameType"
mf_ultralight_get_feature_support_set,Function,NFC,not_bridged,uint32_t,MfUltralightType
mf_ultralight_get_pages_total,Function,NFC,native_export_needs_arm_bridge,uint16_t,MfUltralightType
mf_ultralight_get_pwd_page_num,Function,NFC,not_bridged,uint8_t,MfUltralightType
mf_ultralight_get_type_by_version,Function,NFC,not_bridged,MfUltralightType,MfUltralightVersion*
mf_ultralight_get_uid,Function,NFC,not_bridged,const uint8_t*,"const MfUltralightData*, size_t*"
mf_ultralight_get_write_end_page,Function,NFC,not_bridged,uint8_t,MfUltralightType
mf_ultralight_is_all_data_read,Function,NFC,not_bridged,_Bool,const MfUltralightData*
mf_ultralight_is_counter_configured,Function,NFC,not_bridged,_Bool,const MfUltralightData*
mf_ultralight_is_equal,Function,NFC,not_bridged,_Bool,"const MfUltralightData*, const MfUltralightData*"
mf_ultralight_is_page_pwd_or_pack,Function,NFC,not_bridged,_Bool,"MfUltralightType, uint16_t"
mf_ultralight_load,Function,NFC,not_bridged,_Bool,"MfUltralightData*, FlipperFormat*, uint32_t"
mf_ultralight_poller_auth_pwd,Function,NFC,not_bridged,MfUltralightError,"MfUltralightPoller*, MfUltralightPollerAuthContext*"
mf_ultralight_poller_authenticate_end,Function,NFC,not_bridged,MfUltralightError,"MfUltralightPoller*, const uint8_t*, const uint8_t*, uint8_t*"
mf_ultralight_poller_authenticate_start,Function,NFC,not_bridged,MfUltralightError,"MfUltralightPoller*, const uint8_t*, uint8_t*"
mf_ultralight_poller_read_counter,Function,NFC,not_bridged,MfUltralightError,"MfUltralightPoller*, uint8_t, MfUltralightCounter*"
mf_ultralight_poller_read_page,Function,NFC,not_bridged,MfUltralightError,"MfUltralightPoller*, uint8_t, MfUltralightPageReadCommandData*"
mf_ultralight_poller_read_page_from_sector,Function,NFC,not_bridged,MfUltralightError,"MfUltralightPoller*, uint8_t, uint8_t, MfUltralightPageReadCommandData*"
mf_ultralight_poller_read_signature,Function,NFC,not_bridged,MfUltralightError,"MfUltralightPoller*, MfUltralightSignature*"
mf_ultralight_poller_read_tearing_flag,Function,NFC,not_bridged,MfUltralightError,"MfUltralightPoller*, uint8_t, MfUltralightTearingFlag*"
mf_ultralight_poller_read_version,Function,NFC,not_bridged,MfUltralightError,"MfUltralightPoller*, MfUltralightVersion*"
mf_ultralight_poller_sync_read_card,Function,NFC,not_bridged,MfUltralightError,"Nfc*, MfUltralightData*, const MfUltralightPollerAuthContext*"
mf_ultralight_poller_sync_read_counter,Function,NFC,not_bridged,MfUltralightError,"Nfc*, uint8_t, MfUltralightCounter*"
mf_ultralight_poller_sync_read_page,Function,NFC,not_bridged,MfUltralightError,"Nfc*, uint16_t, MfUltralightPage*"
mf_ultralight_poller_sync_read_signature,Function,NFC,not_bridged,MfUltralightError,"Nfc*, MfUltralightSignature*"
mf_ultralight_poller_sync_read_tearing_flag,Function,NFC,not_bridged,MfUltralightError,"Nfc*, uint8_t, MfUltralightTearingFlag*"
mf_ultralight_poller_sync_read_version,Function,NFC,not_bridged,MfUltralightError,"Nfc*, MfUltralightVersion*"
mf_ultralight_poller_sync_write_page,Function,NFC,not_bridged,MfUltralightError,"Nfc*, uint16_t, MfUltralightPage*"
mf_ultralight_poller_write_page,Function,NFC,not_bridged,MfUltralightError,"MfUltralightPoller*, uint8_t, const MfUltralightPage*"
mf_ultralight_reset,Function,NFC,not_bridged,void,MfUltralightData*
mf_ultralight_save,Function,NFC,not_bridged,_Bool,"const MfUltralightData*, FlipperFormat*"
mf_ultralight_set_uid,Function,NFC,not_bridged,_Bool,"MfUltralightData*, const uint8_t*, size_t"
mf_ultralight_support_feature,Function,NFC,not_bridged,_Bool,"const uint32_t, const uint32_t"
mf_ultralight_verify,Function,NFC,not_bridged,_Bool,"MfUltralightData*, const FuriString*"
mjs_apply,Function,Other libraries and assets,not_bridged,mjs_err_t,"mjs*, mjs_val_t*, mjs_val_t, mjs_val_t, int, mjs_val_t*"
mjs_arg,Function,Other libraries and assets,native_export_needs_arm_bridge,mjs_val_t,"mjs*, int"
mjs_array_buf_get_ptr,Function,Other libraries and assets,native_export_needs_arm_bridge,char*,"mjs*, mjs_val_t, size_t*"
mjs_array_del,Function,Other libraries and assets,native_export_needs_arm_bridge,void,"mjs*, mjs_val_t, unsigned long"
mjs_array_get,Function,Other libraries and assets,native_export_needs_arm_bridge,mjs_val_t,"mjs*, mjs_val_t, unsigned long"
mjs_array_length,Function,Other libraries and assets,native_export_needs_arm_bridge,unsigned long,"mjs*, mjs_val_t"
mjs_array_push,Function,Other libraries and assets,native_export_needs_arm_bridge,mjs_err_t,"mjs*, mjs_val_t, mjs_val_t"
mjs_array_set,Function,Other libraries and assets,native_export_needs_arm_bridge,mjs_err_t,"mjs*, mjs_val_t, unsigned long, mjs_val_t"
mjs_call,Function,Other libraries and assets,native_export_needs_arm_bridge,mjs_err_t,"mjs*, mjs_val_t*, mjs_val_t, mjs_val_t, int, ..."
mjs_create,Function,Other libraries and assets,native_export_needs_arm_bridge,mjs*,void*
mjs_dataview_get_buf,Function,Other libraries and assets,not_bridged,mjs_val_t,"mjs*, mjs_val_t"
mjs_del,Function,Other libraries and assets,native_export_needs_arm_bridge,int,"mjs*, mjs_val_t, const char*, size_t"
mjs_destroy,Function,Other libraries and assets,native_export_needs_arm_bridge,void,mjs*
mjs_disown,Function,Other libraries and assets,native_export_needs_arm_bridge,int,"mjs*, mjs_val_t*"
mjs_exec,Function,Other libraries and assets,native_export_needs_arm_bridge,mjs_err_t,"mjs*, const char*, mjs_val_t*"
mjs_exec_file,Function,Other libraries and assets,native_export_needs_arm_bridge,mjs_err_t,"mjs*, const char*, mjs_val_t*"
mjs_exit,Function,Other libraries and assets,native_export_needs_arm_bridge,void,mjs*
mjs_ffi_resolve,Function,Other libraries and assets,not_bridged,void*,"mjs*, const char*"
mjs_get,Function,Other libraries and assets,native_export_needs_arm_bridge,mjs_val_t,"mjs*, mjs_val_t, const char*, size_t"
mjs_get_bool,Function,Other libraries and assets,native_export_needs_arm_bridge,int,"mjs*, mjs_val_t"
mjs_get_context,Function,Other libraries and assets,native_export_needs_arm_bridge,void*,mjs*
mjs_get_cstring,Function,Other libraries and assets,not_bridged,const char*,"mjs*, mjs_val_t*"
mjs_get_double,Function,Other libraries and assets,native_export_needs_arm_bridge,double,"mjs*, mjs_val_t"
mjs_get_global,Function,Other libraries and assets,native_export_needs_arm_bridge,mjs_val_t,mjs*
mjs_get_int,Function,Other libraries and assets,native_export_needs_arm_bridge,int,"mjs*, mjs_val_t"
mjs_get_int32,Function,Other libraries and assets,not_bridged,int32_t,"mjs*, mjs_val_t"
mjs_get_lineno_by_offset,Function,Other libraries and assets,not_bridged,int,"mjs*, int"
mjs_get_offset_by_call_frame_num,Function,Other libraries and assets,not_bridged,int,"mjs*, int"
mjs_get_ptr,Function,Other libraries and assets,native_export_needs_arm_bridge,void*,"mjs*, mjs_val_t"
mjs_get_stack_trace,Function,Other libraries and assets,native_export_needs_arm_bridge,const char*,mjs*
mjs_get_string,Function,Other libraries and assets,native_export_needs_arm_bridge,const char*,"mjs*, mjs_val_t*, size_t*"
mjs_get_this,Function,Other libraries and assets,not_bridged,mjs_val_t,mjs*
mjs_get_v,Function,Other libraries and assets,not_bridged,mjs_val_t,"mjs*, mjs_val_t, mjs_val_t"
mjs_get_v_proto,Function,Other libraries and assets,not_bridged,mjs_val_t,"mjs*, mjs_val_t, mjs_val_t"
mjs_is_array,Function,Other libraries and assets,native_export_needs_arm_bridge,int,mjs_val_t
mjs_is_array_buf,Function,Other libraries and assets,not_bridged,int,mjs_val_t
mjs_is_boolean,Function,Other libraries and assets,native_export_needs_arm_bridge,int,mjs_val_t
mjs_is_data_view,Function,Other libraries and assets,not_bridged,int,mjs_val_t
mjs_is_foreign,Function,Other libraries and assets,native_export_needs_arm_bridge,int,mjs_val_t
mjs_is_function,Function,Other libraries and assets,native_export_needs_arm_bridge,int,mjs_val_t
mjs_is_null,Function,Other libraries and assets,native_export_needs_arm_bridge,int,mjs_val_t
mjs_is_number,Function,Other libraries and assets,native_export_needs_arm_bridge,int,mjs_val_t
mjs_is_object,Function,Other libraries and assets,native_export_needs_arm_bridge,int,mjs_val_t
mjs_is_object_based,Function,Other libraries and assets,not_bridged,int,mjs_val_t
mjs_is_string,Function,Other libraries and assets,native_export_needs_arm_bridge,int,mjs_val_t
mjs_is_truthy,Function,Other libraries and assets,not_bridged,int,"mjs*, mjs_val_t"
mjs_is_typed_array,Function,Other libraries and assets,not_bridged,int,mjs_val_t
mjs_is_undefined,Function,Other libraries and assets,native_export_needs_arm_bridge,int,mjs_val_t
mjs_mk_array,Function,Other libraries and assets,native_export_needs_arm_bridge,mjs_val_t,mjs*
mjs_mk_array_buf,Function,Other libraries and assets,native_export_needs_arm_bridge,mjs_val_t,"mjs*, char*, size_t"
mjs_mk_boolean,Function,Other libraries and assets,native_export_needs_arm_bridge,mjs_val_t,"mjs*, int"
mjs_mk_foreign,Function,Other libraries and assets,native_export_needs_arm_bridge,mjs_val_t,"mjs*, void*"
mjs_mk_foreign_func,Function,Other libraries and assets,not_bridged,mjs_val_t,"mjs*, mjs_func_ptr_t"
mjs_mk_function,Function,Other libraries and assets,not_bridged,mjs_val_t,"mjs*, size_t"
mjs_mk_null,Function,Other libraries and assets,native_export_needs_arm_bridge,mjs_val_t,
mjs_mk_number,Function,Other libraries and assets,native_export_needs_arm_bridge,mjs_val_t,"mjs*, double"
mjs_mk_object,Function,Other libraries and assets,native_export_needs_arm_bridge,mjs_val_t,mjs*
mjs_mk_string,Function,Other libraries and assets,native_export_needs_arm_bridge,mjs_val_t,"mjs*, const char*, size_t, int"
mjs_mk_undefined,Function,Other libraries and assets,native_export_needs_arm_bridge,mjs_val_t,
mjs_nargs,Function,Other libraries and assets,native_export_needs_arm_bridge,int,mjs*
mjs_next,Function,Other libraries and assets,native_export_needs_arm_bridge,mjs_val_t,"mjs*, mjs_val_t, mjs_val_t*"
mjs_own,Function,Other libraries and assets,native_export_needs_arm_bridge,void,"mjs*, mjs_val_t*"
mjs_prepend_errorf,Function,Other libraries and assets,native_export_needs_arm_bridge,mjs_err_t,"mjs*, mjs_err_t, const char*, ..."
mjs_return,Function,Other libraries and assets,native_export_needs_arm_bridge,void,"mjs*, mjs_val_t"
mjs_set,Function,Other libraries and assets,native_export_needs_arm_bridge,mjs_err_t,"mjs*, mjs_val_t, const char*, size_t, mjs_val_t"
mjs_set_errorf,Function,Other libraries and assets,native_export_needs_arm_bridge,mjs_err_t,"mjs*, mjs_err_t, const char*, ..."
mjs_set_exec_flags_poller,Function,Other libraries and assets,native_export_needs_arm_bridge,void,"mjs*, mjs_flags_poller_t"
mjs_set_ffi_resolver,Function,Other libraries and assets,native_export_needs_arm_bridge,void,"mjs*, mjs_ffi_resolver_t*, void*"
mjs_set_v,Function,Other libraries and assets,not_bridged,mjs_err_t,"mjs*, mjs_val_t, mjs_val_t, mjs_val_t"
mjs_sprintf,Function,Other libraries and assets,native_export_needs_arm_bridge,void,"mjs_val_t, mjs*, char*, size_t"
mjs_strcmp,Function,Other libraries and assets,native_export_needs_arm_bridge,int,"mjs*, mjs_val_t*, const char*, size_t"
mjs_strerror,Function,Other libraries and assets,native_export_needs_arm_bridge,const char*,"mjs*, mjs_err"
mjs_struct_to_obj,Function,Other libraries and assets,not_bridged,mjs_val_t,"mjs*, const void*, const mjs_c_struct_member*"
mjs_to_boolean_v,Function,Other libraries and assets,not_bridged,mjs_val_t,"mjs*, mjs_val_t"
mjs_to_string,Function,Other libraries and assets,native_export_needs_arm_bridge,mjs_err_t,"mjs*, mjs_val_t*, char**, size_t*, int*"
mjs_typeof,Function,Other libraries and assets,not_bridged,const char*,mjs_val_t
name_generator_make_auto,Function,Other libraries and assets,not_bridged,void,"char*, size_t, const char*"
name_generator_make_detailed,Function,Other libraries and assets,not_bridged,void,"char*, size_t, const char*"
name_generator_make_random,Function,Other libraries and assets,not_bridged,void,"char*, size_t"
nfc_alloc,Function,NFC,native_export_needs_arm_bridge,Nfc*,
nfc_config,Function,NFC,not_bridged,void,"Nfc*, NfcMode, NfcTech"
nfc_data_generator_fill_data,Function,NFC,not_bridged,void,"NfcDataGeneratorType, NfcDevice*"
nfc_data_generator_get_name,Function,NFC,not_bridged,const char*,NfcDataGeneratorType
nfc_device_alloc,Function,NFC,native_export_needs_arm_bridge,NfcDevice*,
nfc_device_clear,Function,NFC,not_bridged,void,NfcDevice*
nfc_device_copy_data,Function,NFC,native_export_needs_arm_bridge,void,"const NfcDevice*, NfcProtocol, NfcDeviceData*"
nfc_device_free,Function,NFC,native_export_needs_arm_bridge,void,NfcDevice*
nfc_device_get_data,Function,NFC,native_export_needs_arm_bridge,const NfcDeviceData*,"const NfcDevice*, NfcProtocol"
nfc_device_get_name,Function,NFC,native_export_needs_arm_bridge,const char*,"const NfcDevice*, NfcDeviceNameType"
nfc_device_get_protocol,Function,NFC,native_export_needs_arm_bridge,NfcProtocol,const NfcDevice*
nfc_device_get_protocol_name,Function,NFC,not_bridged,const char*,NfcProtocol
nfc_device_get_uid,Function,NFC,not_bridged,const uint8_t*,"const NfcDevice*, size_t*"
nfc_device_is_equal,Function,NFC,not_bridged,_Bool,"const NfcDevice*, const NfcDevice*"
nfc_device_is_equal_data,Function,NFC,not_bridged,_Bool,"const NfcDevice*, NfcProtocol, const NfcDeviceData*"
nfc_device_load,Function,NFC,not_bridged,_Bool,"NfcDevice*, const char*"
nfc_device_reset,Function,NFC,not_bridged,void,NfcDevice*
nfc_device_save,Function,NFC,not_bridged,_Bool,"NfcDevice*, const char*"
nfc_device_set_data,Function,NFC,native_export_needs_arm_bridge,void,"NfcDevice*, NfcProtocol, const NfcDeviceData*"
nfc_device_set_loading_callback,Function,NFC,native_export_needs_arm_bridge,void,"NfcDevice*, NfcLoadingCallback, void*"
nfc_device_set_uid,Function,NFC,not_bridged,_Bool,"NfcDevice*, const uint8_t*, size_t"
nfc_felica_listener_set_sensf_res_data,Function,NFC,not_bridged,NfcError,"Nfc*, const uint8_t*, const uint8_t, const uint8_t*, const uint8_t, const uint16_t"
nfc_felica_listener_timer_anticol_start,Function,NFC,not_bridged,void,"Nfc*, uint8_t"
nfc_felica_listener_timer_anticol_stop,Function,NFC,not_bridged,void,Nfc*
nfc_free,Function,NFC,native_export_needs_arm_bridge,void,Nfc*
nfc_iso14443a_listener_set_col_res_data,Function,NFC,not_bridged,NfcError,"Nfc*, uint8_t*, uint8_t, uint8_t*, uint8_t"
nfc_iso14443a_listener_tx_custom_parity,Function,NFC,not_bridged,NfcError,"Nfc*, const BitBuffer*"
nfc_iso14443a_poller_trx_custom_parity,Function,NFC,not_bridged,NfcError,"Nfc*, const BitBuffer*, BitBuffer*, uint32_t"
nfc_iso14443a_poller_trx_sdd_frame,Function,NFC,not_bridged,NfcError,"Nfc*, const BitBuffer*, BitBuffer*, uint32_t"
nfc_iso14443a_poller_trx_short_frame,Function,NFC,not_bridged,NfcError,"Nfc*, NfcIso14443aShortFrame, BitBuffer*, uint32_t"
nfc_iso15693_listener_tx_sof,Function,NFC,not_bridged,NfcError,Nfc*
nfc_listener_alloc,Function,NFC,not_bridged,NfcListener*,"Nfc*, NfcProtocol, const NfcDeviceData*"
nfc_listener_free,Function,NFC,not_bridged,void,NfcListener*
nfc_listener_get_data,Function,NFC,not_bridged,const NfcDeviceData*,"const NfcListener*, NfcProtocol"
nfc_listener_get_protocol,Function,NFC,not_bridged,NfcProtocol,const NfcListener*
nfc_listener_start,Function,NFC,not_bridged,void,"NfcListener*, NfcGenericCallback, void*"
nfc_listener_stop,Function,NFC,not_bridged,void,NfcListener*
nfc_listener_tx,Function,NFC,not_bridged,NfcError,"Nfc*, const BitBuffer*"
nfc_poller_alloc,Function,NFC,native_export_needs_arm_bridge,NfcPoller*,"Nfc*, NfcProtocol"
nfc_poller_detect,Function,NFC,not_bridged,_Bool,NfcPoller*
nfc_poller_free,Function,NFC,native_export_needs_arm_bridge,void,NfcPoller*
nfc_poller_get_data,Function,NFC,native_export_needs_arm_bridge,const NfcDeviceData*,const NfcPoller*
nfc_poller_get_protocol,Function,NFC,not_bridged,NfcProtocol,const NfcPoller*
nfc_poller_start,Function,NFC,native_export_needs_arm_bridge,void,"NfcPoller*, NfcGenericCallback, void*"
nfc_poller_start_ex,Function,NFC,not_bridged,void,"NfcPoller*, NfcGenericCallbackEx, void*"
nfc_poller_stop,Function,NFC,native_export_needs_arm_bridge,void,NfcPoller*
nfc_poller_trx,Function,NFC,not_bridged,NfcError,"Nfc*, const BitBuffer*, BitBuffer*, uint32_t"
nfc_protocol_get_parent,Function,NFC,not_bridged,NfcProtocol,NfcProtocol
nfc_protocol_has_parent,Function,NFC,not_bridged,_Bool,"NfcProtocol, NfcProtocol"
nfc_scanner_alloc,Function,NFC,native_export_needs_arm_bridge,NfcScanner*,Nfc*
nfc_scanner_free,Function,NFC,native_export_needs_arm_bridge,void,NfcScanner*
nfc_scanner_start,Function,NFC,native_export_needs_arm_bridge,void,"NfcScanner*, NfcScannerCallback, void*"
nfc_scanner_stop,Function,NFC,native_export_needs_arm_bridge,void,NfcScanner*
nfc_set_fdt_listen_fc,Function,NFC,not_bridged,void,"Nfc*, uint32_t"
nfc_set_fdt_poll_fc,Function,NFC,not_bridged,void,"Nfc*, uint32_t"
nfc_set_fdt_poll_poll_us,Function,NFC,not_bridged,void,"Nfc*, uint32_t"
nfc_set_guard_time_us,Function,NFC,not_bridged,void,"Nfc*, uint32_t"
nfc_set_mask_receive_time_fc,Function,NFC,not_bridged,void,"Nfc*, uint32_t"
nfc_start,Function,NFC,not_bridged,void,"Nfc*, NfcEventCallback, void*"
nfc_stop,Function,NFC,not_bridged,void,Nfc*
nfc_util_even_parity32,Function,NFC,not_bridged,uint8_t,uint32_t
nfc_util_even_parity8,Function,NFC,not_bridged,uint8_t,uint8_t
nfc_util_odd_parity,Function,NFC,not_bridged,void,"const uint8_t*, uint8_t*, uint8_t"
nfc_util_odd_parity8,Function,NFC,not_bridged,uint8_t,uint8_t
notification_internal_message,Function,Notifications,native_export_needs_arm_bridge,void,"NotificationApp*, const NotificationSequence*"
notification_internal_message_block,Function,Notifications,not_bridged,void,"NotificationApp*, const NotificationSequence*"
notification_message,Function,Notifications,bridged_subset,void,"NotificationApp*, const NotificationSequence*"
notification_message_block,Function,Notifications,bridged_subset,void,"NotificationApp*, const NotificationSequence*"
notification_messages_notes_frequency_from_name,Function,Notifications,not_bridged,float,const char*
number_input_alloc,Function,Other libraries and assets,native_export_needs_arm_bridge,NumberInput*,
number_input_free,Function,Other libraries and assets,native_export_needs_arm_bridge,void,NumberInput*
number_input_get_view,Function,Other libraries and assets,native_export_needs_arm_bridge,View*,NumberInput*
number_input_set_header_text,Function,Other libraries and assets,native_export_needs_arm_bridge,void,"NumberInput*, const char*"
number_input_set_result_callback,Function,Other libraries and assets,native_export_needs_arm_bridge,void,"NumberInput*, NumberInputCallback, void*, int32_t, int32_t, int32_t"
onewire_host_alloc,Function,Other libraries and assets,not_bridged,OneWireHost*,const GpioPin*
onewire_host_free,Function,Other libraries and assets,not_bridged,void,OneWireHost*
onewire_host_read,Function,Other libraries and assets,not_bridged,uint8_t,OneWireHost*
onewire_host_read_bit,Function,Other libraries and assets,not_bridged,_Bool,OneWireHost*
onewire_host_read_bytes,Function,Other libraries and assets,not_bridged,void,"OneWireHost*, uint8_t*, uint16_t"
onewire_host_reset,Function,Other libraries and assets,not_bridged,_Bool,OneWireHost*
onewire_host_reset_search,Function,Other libraries and assets,not_bridged,void,OneWireHost*
onewire_host_search,Function,Other libraries and assets,not_bridged,_Bool,"OneWireHost*, uint8_t*, OneWireHostSearchMode"
onewire_host_set_overdrive,Function,Other libraries and assets,not_bridged,void,"OneWireHost*, _Bool"
onewire_host_set_timings_default,Function,Other libraries and assets,not_bridged,void,OneWireHost*
onewire_host_set_timings_tm01x,Function,Other libraries and assets,not_bridged,void,OneWireHost*
onewire_host_start,Function,Other libraries and assets,not_bridged,void,OneWireHost*
onewire_host_stop,Function,Other libraries and assets,not_bridged,void,OneWireHost*
onewire_host_target_search,Function,Other libraries and assets,not_bridged,void,"OneWireHost*, uint8_t"
onewire_host_write,Function,Other libraries and assets,not_bridged,void,"OneWireHost*, uint8_t"
onewire_host_write_bit,Function,Other libraries and assets,not_bridged,void,"OneWireHost*, _Bool"
onewire_host_write_bytes,Function,Other libraries and assets,not_bridged,void,"OneWireHost*, const uint8_t*, uint16_t"
onewire_slave_alloc,Function,Other libraries and assets,not_bridged,OneWireSlave*,const GpioPin*
onewire_slave_free,Function,Other libraries and assets,not_bridged,void,OneWireSlave*
onewire_slave_receive,Function,Other libraries and assets,not_bridged,_Bool,"OneWireSlave*, uint8_t*, size_t"
onewire_slave_receive_bit,Function,Other libraries and assets,not_bridged,_Bool,OneWireSlave*
onewire_slave_send,Function,Other libraries and assets,not_bridged,_Bool,"OneWireSlave*, const uint8_t*, size_t"
onewire_slave_send_bit,Function,Other libraries and assets,not_bridged,_Bool,"OneWireSlave*, _Bool"
onewire_slave_set_command_callback,Function,Other libraries and assets,not_bridged,void,"OneWireSlave*, OneWireSlaveCommandCallback, void*"
onewire_slave_set_overdrive,Function,Other libraries and assets,not_bridged,void,"OneWireSlave*, _Bool"
onewire_slave_set_reset_callback,Function,Other libraries and assets,not_bridged,void,"OneWireSlave*, OneWireSlaveResetCallback, void*"
onewire_slave_set_result_callback,Function,Other libraries and assets,not_bridged,void,"OneWireSlave*, OneWireSlaveResultCallback, void*"
onewire_slave_start,Function,Other libraries and assets,not_bridged,void,OneWireSlave*
onewire_slave_stop,Function,Other libraries and assets,not_bridged,void,OneWireSlave*
path_append,Function,Other libraries and assets,not_bridged,void,"FuriString*, const char*"
path_concat,Function,Other libraries and assets,not_bridged,void,"const char*, const char*, FuriString*"
path_contains_only_ascii,Function,Other libraries and assets,not_bridged,_Bool,const char*
path_extract_basename,Function,Other libraries and assets,not_bridged,void,"const char*, FuriString*"
path_extract_dirname,Function,Other libraries and assets,not_bridged,void,"const char*, FuriString*"
path_extract_extension,Function,Other libraries and assets,native_export_needs_arm_bridge,void,"FuriString*, char*, size_t"
path_extract_filename,Function,Other libraries and assets,native_export_needs_arm_bridge,void,"FuriString*, FuriString*, _Bool"
path_extract_filename_no_ext,Function,Other libraries and assets,native_export_needs_arm_bridge,void,"const char*, FuriString*"
pb_close_string_substream,Function,Other libraries and assets,not_bridged,_Bool,"pb_istream_t*, pb_istream_t*"
pb_decode,Function,Other libraries and assets,not_bridged,_Bool,"pb_istream_t*, const pb_msgdesc_t*, void*"
pb_decode_bool,Function,Other libraries and assets,not_bridged,_Bool,"pb_istream_t*, _Bool*"
pb_decode_ex,Function,Other libraries and assets,not_bridged,_Bool,"pb_istream_t*, const pb_msgdesc_t*, void*, unsigned int"
pb_decode_fixed32,Function,Other libraries and assets,not_bridged,_Bool,"pb_istream_t*, void*"
pb_decode_fixed64,Function,Other libraries and assets,not_bridged,_Bool,"pb_istream_t*, void*"
pb_decode_svarint,Function,Other libraries and assets,not_bridged,_Bool,"pb_istream_t*, int64_t*"
pb_decode_tag,Function,Other libraries and assets,not_bridged,_Bool,"pb_istream_t*, pb_wire_type_t*, uint32_t*, _Bool*"
pb_decode_varint,Function,Other libraries and assets,not_bridged,_Bool,"pb_istream_t*, uint64_t*"
pb_decode_varint32,Function,Other libraries and assets,not_bridged,_Bool,"pb_istream_t*, uint32_t*"
pb_default_field_callback,Function,Other libraries and assets,not_bridged,_Bool,"pb_istream_t*, pb_ostream_t*, const pb_field_t*"
pb_encode,Function,Other libraries and assets,not_bridged,_Bool,"pb_ostream_t*, const pb_msgdesc_t*, const void*"
pb_encode_ex,Function,Other libraries and assets,not_bridged,_Bool,"pb_ostream_t*, const pb_msgdesc_t*, const void*, unsigned int"
pb_encode_fixed32,Function,Other libraries and assets,not_bridged,_Bool,"pb_ostream_t*, const void*"
pb_encode_fixed64,Function,Other libraries and assets,not_bridged,_Bool,"pb_ostream_t*, const void*"
pb_encode_string,Function,Other libraries and assets,not_bridged,_Bool,"pb_ostream_t*, const pb_byte_t*, size_t"
pb_encode_submessage,Function,Other libraries and assets,not_bridged,_Bool,"pb_ostream_t*, const pb_msgdesc_t*, const void*"
pb_encode_svarint,Function,Other libraries and assets,not_bridged,_Bool,"pb_ostream_t*, int64_t"
pb_encode_tag,Function,Other libraries and assets,not_bridged,_Bool,"pb_ostream_t*, pb_wire_type_t, uint32_t"
pb_encode_tag_for_field,Function,Other libraries and assets,not_bridged,_Bool,"pb_ostream_t*, const pb_field_iter_t*"
pb_encode_varint,Function,Other libraries and assets,not_bridged,_Bool,"pb_ostream_t*, uint64_t"
pb_get_encoded_size,Function,Other libraries and assets,not_bridged,_Bool,"size_t*, const pb_msgdesc_t*, const void*"
pb_istream_from_buffer,Function,Other libraries and assets,not_bridged,pb_istream_t,"const pb_byte_t*, size_t"
pb_make_string_substream,Function,Other libraries and assets,not_bridged,_Bool,"pb_istream_t*, pb_istream_t*"
pb_ostream_from_buffer,Function,Other libraries and assets,not_bridged,pb_ostream_t,"pb_byte_t*, size_t"
pb_read,Function,Other libraries and assets,not_bridged,_Bool,"pb_istream_t*, pb_byte_t*, size_t"
pb_release,Function,Other libraries and assets,not_bridged,void,"const pb_msgdesc_t*, void*"
pb_skip_field,Function,Other libraries and assets,not_bridged,_Bool,"pb_istream_t*, pb_wire_type_t"
pb_write,Function,Other libraries and assets,not_bridged,_Bool,"pb_ostream_t*, const pb_byte_t*, size_t"
pipe_alloc,Function,Other libraries and assets,not_bridged,PipeSideBundle,"size_t, size_t"
pipe_alloc_ex,Function,Other libraries and assets,not_bridged,PipeSideBundle,"PipeSideReceiveSettings, PipeSideReceiveSettings"
pipe_attach_to_event_loop,Function,Other libraries and assets,not_bridged,void,"PipeSide*, FuriEventLoop*"
pipe_bytes_available,Function,Other libraries and assets,not_bridged,size_t,PipeSide*
pipe_detach_from_event_loop,Function,Other libraries and assets,not_bridged,void,PipeSide*
pipe_free,Function,Other libraries and assets,not_bridged,void,PipeSide*
pipe_install_as_stdio,Function,Other libraries and assets,not_bridged,void,PipeSide*
pipe_receive,Function,Other libraries and assets,native_export_needs_arm_bridge,size_t,"PipeSide*, void*, size_t"
pipe_role,Function,Other libraries and assets,not_bridged,PipeRole,PipeSide*
pipe_send,Function,Other libraries and assets,native_export_needs_arm_bridge,size_t,"PipeSide*, const void*, size_t"
pipe_set_broken_callback,Function,Other libraries and assets,not_bridged,void,"PipeSide*, PipeSideBrokenCallback, FuriEventLoopEvent"
pipe_set_callback_context,Function,Other libraries and assets,not_bridged,void,"PipeSide*, void*"
pipe_set_data_arrived_callback,Function,Other libraries and assets,not_bridged,void,"PipeSide*, PipeSideDataArrivedCallback, FuriEventLoopEvent"
pipe_set_space_freed_callback,Function,Other libraries and assets,not_bridged,void,"PipeSide*, PipeSideSpaceFreedCallback, FuriEventLoopEvent"
pipe_set_state_check_period,Function,Other libraries and assets,not_bridged,void,"PipeSide*, FuriWait"
pipe_spaces_available,Function,Other libraries and assets,not_bridged,size_t,PipeSide*
pipe_state,Function,Other libraries and assets,not_bridged,PipeState,PipeSide*
plugin_manager_alloc,Function,Other libraries and assets,native_export_needs_arm_bridge,PluginManager*,"const char*, uint32_t, const ElfApiInterface*"
plugin_manager_free,Function,Other libraries and assets,native_export_needs_arm_bridge,void,PluginManager*
plugin_manager_get,Function,Other libraries and assets,not_bridged,const FlipperAppPluginDescriptor*,"PluginManager*, uint32_t"
plugin_manager_get_count,Function,Other libraries and assets,not_bridged,uint32_t,PluginManager*
plugin_manager_get_ep,Function,Other libraries and assets,native_export_needs_arm_bridge,const void*,"PluginManager*, uint32_t"
plugin_manager_load_all,Function,Other libraries and assets,not_bridged,PluginManagerError,"PluginManager*, const char*"
plugin_manager_load_single,Function,Other libraries and assets,native_export_needs_arm_bridge,PluginManagerError,"PluginManager*, const char*"
popup_alloc,Function,Other libraries and assets,native_export_needs_arm_bridge,Popup*,
popup_disable_timeout,Function,Other libraries and assets,native_export_needs_arm_bridge,void,Popup*
popup_enable_timeout,Function,Other libraries and assets,native_export_needs_arm_bridge,void,Popup*
popup_free,Function,Other libraries and assets,native_export_needs_arm_bridge,void,Popup*
popup_get_view,Function,Other libraries and assets,native_export_needs_arm_bridge,View*,Popup*
popup_reset,Function,Other libraries and assets,native_export_needs_arm_bridge,void,Popup*
popup_set_callback,Function,Other libraries and assets,native_export_needs_arm_bridge,void,"Popup*, PopupCallback"
popup_set_context,Function,Other libraries and assets,native_export_needs_arm_bridge,void,"Popup*, void*"
popup_set_header,Function,Other libraries and assets,native_export_needs_arm_bridge,void,"Popup*, const char*, uint8_t, uint8_t, Align, Align"
popup_set_icon,Function,Other libraries and assets,native_export_needs_arm_bridge,void,"Popup*, uint8_t, uint8_t, const Icon*"
popup_set_text,Function,Other libraries and assets,native_export_needs_arm_bridge,void,"Popup*, const char*, uint8_t, uint8_t, Align, Align"
popup_set_timeout,Function,Other libraries and assets,native_export_needs_arm_bridge,void,"Popup*, uint32_t"
power_enable_low_battery_level_notification,Function,Other libraries and assets,not_bridged,void,"Power*, _Bool"
power_enable_otg,Function,Other libraries and assets,not_bridged,void,"Power*, _Bool"
power_get_info,Function,Other libraries and assets,not_bridged,void,"Power*, PowerInfo*"
power_get_pubsub,Function,Other libraries and assets,not_bridged,FuriPubSub*,Power*
power_is_battery_healthy,Function,Other libraries and assets,not_bridged,_Bool,Power*
power_is_otg_enabled,Function,Other libraries and assets,not_bridged,_Bool,Power*
power_off,Function,Other libraries and assets,not_bridged,void,Power*
power_reboot,Function,Other libraries and assets,not_bridged,void,"Power*, PowerBootMode"
powf,Function,Other libraries and assets,not_bridged,float,"float, float"
pretty_format_bytes_hex_canonical,Function,Other libraries and assets,native_export_needs_arm_bridge,void,"FuriString*, size_t, const char*, const uint8_t*, size_t"
property_value_out,Function,Other libraries and assets,not_bridged,void,"PropertyValueContext*, const char*, unsigned int, ..."
protocol_dict_alloc,Function,Other libraries and assets,not_bridged,ProtocolDict*,"const ProtocolBase* const*, size_t"
protocol_dict_decoders_feed,Function,Other libraries and assets,not_bridged,ProtocolId,"ProtocolDict*, _Bool, uint32_t"
protocol_dict_decoders_feed_by_feature,Function,Other libraries and assets,not_bridged,ProtocolId,"ProtocolDict*, uint32_t, _Bool, uint32_t"
protocol_dict_decoders_feed_by_id,Function,Other libraries and assets,not_bridged,ProtocolId,"ProtocolDict*, size_t, _Bool, uint32_t"
protocol_dict_decoders_start,Function,Other libraries and assets,not_bridged,void,ProtocolDict*
protocol_dict_encoder_start,Function,Other libraries and assets,not_bridged,_Bool,"ProtocolDict*, size_t"
protocol_dict_encoder_yield,Function,Other libraries and assets,not_bridged,LevelDuration,"ProtocolDict*, size_t"
protocol_dict_free,Function,Other libraries and assets,not_bridged,void,ProtocolDict*
protocol_dict_get_data,Function,Other libraries and assets,not_bridged,void,"ProtocolDict*, size_t, uint8_t*, size_t"
protocol_dict_get_data_size,Function,Other libraries and assets,not_bridged,size_t,"ProtocolDict*, size_t"
protocol_dict_get_features,Function,Other libraries and assets,not_bridged,uint32_t,"ProtocolDict*, size_t"
protocol_dict_get_manufacturer,Function,Other libraries and assets,not_bridged,const char*,"ProtocolDict*, size_t"
protocol_dict_get_max_data_size,Function,Other libraries and assets,not_bridged,size_t,ProtocolDict*
protocol_dict_get_name,Function,Other libraries and assets,not_bridged,const char*,"ProtocolDict*, size_t"
protocol_dict_get_protocol_by_name,Function,Other libraries and assets,not_bridged,ProtocolId,"ProtocolDict*, const char*"
protocol_dict_get_validate_count,Function,Other libraries and assets,not_bridged,uint32_t,"ProtocolDict*, size_t"
protocol_dict_get_write_data,Function,Other libraries and assets,not_bridged,_Bool,"ProtocolDict*, size_t, void*"
protocol_dict_render_brief_data,Function,Other libraries and assets,not_bridged,void,"ProtocolDict*, FuriString*, size_t"
protocol_dict_render_data,Function,Other libraries and assets,not_bridged,void,"ProtocolDict*, FuriString*, size_t"
protocol_dict_render_uid,Function,Other libraries and assets,not_bridged,void,"ProtocolDict*, FuriString*, size_t"
protocol_dict_set_data,Function,Other libraries and assets,not_bridged,void,"ProtocolDict*, size_t, const uint8_t*, size_t"
pulse_glue_alloc,Function,Other libraries and assets,not_bridged,PulseGlue*,
pulse_glue_free,Function,Other libraries and assets,not_bridged,void,PulseGlue*
pulse_glue_pop,Function,Other libraries and assets,not_bridged,void,"PulseGlue*, uint32_t*, uint32_t*"
pulse_glue_push,Function,Other libraries and assets,not_bridged,_Bool,"PulseGlue*, _Bool, uint32_t"
pulse_glue_reset,Function,Other libraries and assets,not_bridged,void,PulseGlue*
rand,Function,Other libraries and assets,bridged_subset,int,
random,Function,Other libraries and assets,native_export_needs_arm_bridge,long,
realloc,Function,Other libraries and assets,native_export_needs_arm_bridge,void*,"void*, size_t"
roundf,Function,Other libraries and assets,native_export_needs_arm_bridge,float,float
rpc_session_close,Function,Other libraries and assets,not_bridged,void,RpcSession*
rpc_session_feed,Function,Other libraries and assets,not_bridged,size_t,"RpcSession*, const uint8_t*, size_t, uint32_t"
rpc_session_get_available_size,Function,Other libraries and assets,not_bridged,size_t,RpcSession*
rpc_session_get_owner,Function,Other libraries and assets,not_bridged,RpcOwner,RpcSession*
rpc_session_open,Function,Other libraries and assets,not_bridged,RpcSession*,"Rpc*, RpcOwner"
rpc_session_set_buffer_is_empty_callback,Function,Other libraries and assets,not_bridged,void,"RpcSession*, RpcBufferIsEmptyCallback"
rpc_session_set_close_callback,Function,Other libraries and assets,not_bridged,void,"RpcSession*, RpcSessionClosedCallback"
rpc_session_set_context,Function,Other libraries and assets,not_bridged,void,"RpcSession*, void*"
rpc_session_set_send_bytes_callback,Function,Other libraries and assets,not_bridged,void,"RpcSession*, RpcSendBytesCallback"
rpc_session_set_terminated_callback,Function,Other libraries and assets,not_bridged,void,"RpcSession*, RpcSessionTerminatedCallback"
rpc_system_app_confirm,Function,Other libraries and assets,not_bridged,void,"RpcAppSystem*, _Bool"
rpc_system_app_error_reset,Function,Other libraries and assets,not_bridged,void,RpcAppSystem*
rpc_system_app_exchange_data,Function,Other libraries and assets,not_bridged,void,"RpcAppSystem*, const uint8_t*, size_t"
rpc_system_app_send_exited,Function,Other libraries and assets,not_bridged,void,RpcAppSystem*
rpc_system_app_send_started,Function,Other libraries and assets,not_bridged,void,RpcAppSystem*
rpc_system_app_set_callback,Function,Other libraries and assets,not_bridged,void,"RpcAppSystem*, RpcAppSystemCallback, void*"
rpc_system_app_set_error_code,Function,Other libraries and assets,not_bridged,void,"RpcAppSystem*, uint32_t"
rpc_system_app_set_error_text,Function,Other libraries and assets,not_bridged,void,"RpcAppSystem*, const char*"
saved_struct_get_metadata,Function,Other libraries and assets,not_bridged,_Bool,"const char*, uint8_t*, uint8_t*, size_t*"
saved_struct_load,Function,Other libraries and assets,native_export_needs_arm_bridge,_Bool,"const char*, void*, size_t, uint8_t, uint8_t"
saved_struct_save,Function,Other libraries and assets,native_export_needs_arm_bridge,_Bool,"const char*, const void*, size_t, uint8_t, uint8_t"
scalbnf,Function,Other libraries and assets,not_bridged,float,"float, int"
scene_manager_alloc,Function,GUI modules,native_export_needs_arm_bridge,SceneManager*,"const SceneManagerHandlers*, void*"
scene_manager_free,Function,GUI modules,native_export_needs_arm_bridge,void,SceneManager*
scene_manager_get_current_scene,Function,GUI modules,not_bridged,uint32_t,SceneManager*
scene_manager_get_scene_state,Function,GUI modules,native_export_needs_arm_bridge,uint32_t,"const SceneManager*, uint32_t"
scene_manager_handle_back_event,Function,GUI modules,native_export_needs_arm_bridge,_Bool,SceneManager*
scene_manager_handle_custom_event,Function,GUI modules,native_export_needs_arm_bridge,_Bool,"SceneManager*, uint32_t"
scene_manager_handle_tick_event,Function,GUI modules,native_export_needs_arm_bridge,void,SceneManager*
scene_manager_has_previous_scene,Function,GUI modules,native_export_needs_arm_bridge,_Bool,"const SceneManager*, uint32_t"
scene_manager_next_scene,Function,GUI modules,native_export_needs_arm_bridge,void,"SceneManager*, uint32_t"
scene_manager_previous_scene,Function,GUI modules,native_export_needs_arm_bridge,_Bool,SceneManager*
scene_manager_search_and_switch_to_another_scene,Function,GUI modules,native_export_needs_arm_bridge,_Bool,"SceneManager*, uint32_t"
scene_manager_search_and_switch_to_previous_scene,Function,GUI modules,native_export_needs_arm_bridge,_Bool,"SceneManager*, uint32_t"
scene_manager_search_and_switch_to_previous_scene_one_of,Function,GUI modules,native_export_needs_arm_bridge,_Bool,"SceneManager*, const uint32_t*, size_t"
scene_manager_set_scene_state,Function,GUI modules,native_export_needs_arm_bridge,void,"SceneManager*, uint32_t, uint32_t"
scene_manager_stop,Function,GUI modules,native_export_needs_arm_bridge,void,SceneManager*
sd_api_get_fs_type_text,Function,Other libraries and assets,not_bridged,const char*,SDFsType
sequence_audiovisual_alert,Variable,Other libraries and assets,not_bridged,const NotificationSequence,
sequence_blink_blue_10,Variable,Other libraries and assets,not_bridged,const NotificationSequence,
sequence_blink_blue_100,Variable,Other libraries and assets,not_bridged,const NotificationSequence,
sequence_blink_cyan_10,Variable,Other libraries and assets,not_bridged,const NotificationSequence,
sequence_blink_cyan_100,Variable,Other libraries and assets,not_bridged,const NotificationSequence,
sequence_blink_green_10,Variable,Other libraries and assets,not_bridged,const NotificationSequence,
sequence_blink_green_100,Variable,Other libraries and assets,not_bridged,const NotificationSequence,
sequence_blink_magenta_10,Variable,Other libraries and assets,not_bridged,const NotificationSequence,
sequence_blink_magenta_100,Variable,Other libraries and assets,not_bridged,const NotificationSequence,
sequence_blink_red_10,Variable,Other libraries and assets,not_bridged,const NotificationSequence,
sequence_blink_red_100,Variable,Other libraries and assets,not_bridged,const NotificationSequence,
sequence_blink_start_blue,Variable,Other libraries and assets,not_bridged,const NotificationSequence,
sequence_blink_start_cyan,Variable,Other libraries and assets,not_bridged,const NotificationSequence,
sequence_blink_start_green,Variable,Other libraries and assets,not_bridged,const NotificationSequence,
sequence_blink_start_magenta,Variable,Other libraries and assets,not_bridged,const NotificationSequence,
sequence_blink_start_red,Variable,Other libraries and assets,not_bridged,const NotificationSequence,
sequence_blink_start_yellow,Variable,Other libraries and assets,not_bridged,const NotificationSequence,
sequence_blink_stop,Variable,Other libraries and assets,not_bridged,const NotificationSequence,
sequence_blink_white_100,Variable,Other libraries and assets,not_bridged,const NotificationSequence,
sequence_blink_yellow_10,Variable,Other libraries and assets,not_bridged,const NotificationSequence,
sequence_blink_yellow_100,Variable,Other libraries and assets,not_bridged,const NotificationSequence,
sequence_charged,Variable,Other libraries and assets,not_bridged,const NotificationSequence,
sequence_charging,Variable,Other libraries and assets,not_bridged,const NotificationSequence,
sequence_display_backlight_enforce_auto,Variable,Other libraries and assets,bridged_subset,const NotificationSequence,
sequence_display_backlight_enforce_on,Variable,Other libraries and assets,bridged_subset,const NotificationSequence,
sequence_display_backlight_off,Variable,Other libraries and assets,not_bridged,const NotificationSequence,
sequence_display_backlight_off_delay_1000,Variable,Other libraries and assets,not_bridged,const NotificationSequence,
sequence_display_backlight_on,Variable,Other libraries and assets,not_bridged,const NotificationSequence,
sequence_double_vibro,Variable,Other libraries and assets,not_bridged,const NotificationSequence,
sequence_empty,Variable,Other libraries and assets,not_bridged,const NotificationSequence,
sequence_error,Variable,Other libraries and assets,not_bridged,const NotificationSequence,
sequence_lcd_contrast_update,Variable,Other libraries and assets,not_bridged,const NotificationSequence,
sequence_not_charging,Variable,Other libraries and assets,not_bridged,const NotificationSequence,
sequence_reset_blue,Variable,Other libraries and assets,not_bridged,const NotificationSequence,
sequence_reset_display,Variable,Other libraries and assets,not_bridged,const NotificationSequence,
sequence_reset_green,Variable,Other libraries and assets,not_bridged,const NotificationSequence,
sequence_reset_red,Variable,Other libraries and assets,not_bridged,const NotificationSequence,
sequence_reset_rgb,Variable,Other libraries and assets,not_bridged,const NotificationSequence,
sequence_reset_sound,Variable,Other libraries and assets,not_bridged,const NotificationSequence,
sequence_reset_vibro,Variable,Other libraries and assets,not_bridged,const NotificationSequence,
sequence_semi_success,Variable,Other libraries and assets,not_bridged,const NotificationSequence,
sequence_set_blue_255,Variable,Other libraries and assets,not_bridged,const NotificationSequence,
sequence_set_green_255,Variable,Other libraries and assets,not_bridged,const NotificationSequence,
sequence_set_only_blue_255,Variable,Other libraries and assets,not_bridged,const NotificationSequence,
sequence_set_only_green_255,Variable,Other libraries and assets,not_bridged,const NotificationSequence,
sequence_set_only_red_255,Variable,Other libraries and assets,not_bridged,const NotificationSequence,
sequence_set_red_255,Variable,Other libraries and assets,not_bridged,const NotificationSequence,
sequence_set_vibro_on,Variable,Other libraries and assets,not_bridged,const NotificationSequence,
sequence_single_vibro,Variable,Other libraries and assets,not_bridged,const NotificationSequence,
sequence_solid_yellow,Variable,Other libraries and assets,not_bridged,const NotificationSequence,
sequence_success,Variable,Other libraries and assets,not_bridged,const NotificationSequence,
signal_reader_alloc,Function,Other libraries and assets,not_bridged,SignalReader*,"const GpioPin*, uint32_t"
signal_reader_free,Function,Other libraries and assets,not_bridged,void,SignalReader*
signal_reader_set_polarity,Function,Other libraries and assets,not_bridged,void,"SignalReader*, SignalReaderPolarity"
signal_reader_set_pull,Function,Other libraries and assets,not_bridged,void,"SignalReader*, GpioPull"
signal_reader_set_sample_rate,Function,Other libraries and assets,not_bridged,void,"SignalReader*, SignalReaderTimeUnit, uint32_t"
signal_reader_set_trigger,Function,Other libraries and assets,not_bridged,void,"SignalReader*, SignalReaderTrigger"
signal_reader_start,Function,Other libraries and assets,not_bridged,void,"SignalReader*, SignalReaderCallback, void*"
signal_reader_stop,Function,Other libraries and assets,not_bridged,void,SignalReader*
simple_array_alloc,Function,Other libraries and assets,not_bridged,SimpleArray*,const SimpleArrayConfig*
simple_array_cget,Function,Other libraries and assets,not_bridged,const SimpleArrayElement*,"const SimpleArray*, uint32_t"
simple_array_cget_data,Function,Other libraries and assets,native_export_needs_arm_bridge,const SimpleArrayData*,const SimpleArray*
simple_array_config_uint8_t,Variable,Other libraries and assets,not_bridged,const SimpleArrayConfig,
simple_array_copy,Function,Other libraries and assets,not_bridged,void,"SimpleArray*, const SimpleArray*"
simple_array_free,Function,Other libraries and assets,not_bridged,void,SimpleArray*
simple_array_get,Function,Other libraries and assets,not_bridged,SimpleArrayElement*,"SimpleArray*, uint32_t"
simple_array_get_count,Function,Other libraries and assets,native_export_needs_arm_bridge,uint32_t,const SimpleArray*
simple_array_get_data,Function,Other libraries and assets,not_bridged,SimpleArrayData*,SimpleArray*
simple_array_init,Function,Other libraries and assets,not_bridged,void,"SimpleArray*, uint32_t"
simple_array_is_equal,Function,Other libraries and assets,not_bridged,_Bool,"const SimpleArray*, const SimpleArray*"
simple_array_reset,Function,Other libraries and assets,not_bridged,void,SimpleArray*
slix_alloc,Function,Other libraries and assets,not_bridged,SlixData*,
slix_copy,Function,Other libraries and assets,not_bridged,void,"SlixData*, const SlixData*"
slix_free,Function,Other libraries and assets,not_bridged,void,SlixData*
slix_get_base_data,Function,Other libraries and assets,not_bridged,const Iso15693_3Data*,const SlixData*
slix_get_counter,Function,Other libraries and assets,not_bridged,uint16_t,const SlixData*
slix_get_device_name,Function,Other libraries and assets,not_bridged,const char*,"const SlixData*, NfcDeviceNameType"
slix_get_password,Function,Other libraries and assets,not_bridged,SlixPassword,"const SlixData*, SlixPasswordType"
slix_get_type,Function,Other libraries and assets,not_bridged,SlixType,const SlixData*
slix_get_uid,Function,Other libraries and assets,not_bridged,const uint8_t*,"const SlixData*, size_t*"
slix_is_block_protected,Function,Other libraries and assets,not_bridged,_Bool,"const SlixData*, SlixPasswordType, uint8_t"
slix_is_counter_increment_protected,Function,Other libraries and assets,not_bridged,_Bool,const SlixData*
slix_is_equal,Function,Other libraries and assets,not_bridged,_Bool,"const SlixData*, const SlixData*"
slix_is_privacy_mode,Function,Other libraries and assets,not_bridged,_Bool,const SlixData*
slix_load,Function,Other libraries and assets,not_bridged,_Bool,"SlixData*, FlipperFormat*, uint32_t"
slix_poller_get_nxp_system_info,Function,Other libraries and assets,not_bridged,SlixError,"SlixPoller*, SlixSystemInfo*"
slix_poller_get_random_number,Function,Other libraries and assets,not_bridged,SlixError,"SlixPoller*, SlixRandomNumber*"
slix_poller_read_signature,Function,Other libraries and assets,not_bridged,SlixError,"SlixPoller*, SlixSignature*"
slix_poller_send_frame,Function,Other libraries and assets,not_bridged,SlixError,"SlixPoller*, const BitBuffer*, BitBuffer*, uint32_t"
slix_poller_set_password,Function,Other libraries and assets,not_bridged,SlixError,"SlixPoller*, SlixPasswordType, SlixPassword, SlixRandomNumber"
slix_reset,Function,Other libraries and assets,not_bridged,void,SlixData*
slix_save,Function,Other libraries and assets,not_bridged,_Bool,"const SlixData*, FlipperFormat*"
slix_set_uid,Function,Other libraries and assets,not_bridged,_Bool,"SlixData*, const uint8_t*, size_t"
slix_type_has_features,Function,Other libraries and assets,not_bridged,_Bool,"SlixType, SlixTypeFeatures"
slix_type_supports_password,Function,Other libraries and assets,not_bridged,_Bool,"SlixType, SlixPasswordType"
slix_verify,Function,Other libraries and assets,not_bridged,_Bool,"SlixData*, const FuriString*"
snprintf,Function,Other libraries and assets,native_export_needs_arm_bridge,int,"char*, size_t, const char*, ..."
srand,Function,Other libraries and assets,native_export_needs_arm_bridge,void,unsigned
sscanf,Function,Other libraries and assets,native_export_needs_arm_bridge,int,"const char*, const char*, ..."
st25r3916_change_reg_bits,Function,Other libraries and assets,not_bridged,void,"const FuriHalSpiBusHandle*, uint8_t, uint8_t, uint8_t"
st25r3916_change_test_reg_bits,Function,Other libraries and assets,not_bridged,void,"const FuriHalSpiBusHandle*, uint8_t, uint8_t, uint8_t"
st25r3916_check_reg,Function,Other libraries and assets,not_bridged,_Bool,"const FuriHalSpiBusHandle*, uint8_t, uint8_t, uint8_t"
st25r3916_clear_reg_bits,Function,Other libraries and assets,not_bridged,void,"const FuriHalSpiBusHandle*, uint8_t, uint8_t"
st25r3916_direct_cmd,Function,Other libraries and assets,not_bridged,void,"const FuriHalSpiBusHandle*, uint8_t"
st25r3916_get_irq,Function,Other libraries and assets,not_bridged,uint32_t,const FuriHalSpiBusHandle*
st25r3916_mask_irq,Function,Other libraries and assets,not_bridged,void,"const FuriHalSpiBusHandle*, uint32_t"
st25r3916_modify_reg,Function,Other libraries and assets,not_bridged,void,"const FuriHalSpiBusHandle*, uint8_t, uint8_t, uint8_t"
st25r3916_read_burst_regs,Function,Other libraries and assets,not_bridged,void,"const FuriHalSpiBusHandle*, uint8_t, uint8_t*, uint8_t"
st25r3916_read_fifo,Function,Other libraries and assets,not_bridged,_Bool,"const FuriHalSpiBusHandle*, uint8_t*, size_t, size_t*"
st25r3916_read_pta_mem,Function,Other libraries and assets,not_bridged,void,"const FuriHalSpiBusHandle*, uint8_t*, size_t"
st25r3916_read_reg,Function,Other libraries and assets,not_bridged,void,"const FuriHalSpiBusHandle*, uint8_t, uint8_t*"
st25r3916_read_test_reg,Function,Other libraries and assets,not_bridged,void,"const FuriHalSpiBusHandle*, uint8_t, uint8_t*"
st25r3916_reg_read_fifo,Function,Other libraries and assets,not_bridged,void,"const FuriHalSpiBusHandle*, uint8_t*, size_t"
st25r3916_reg_write_fifo,Function,Other libraries and assets,not_bridged,void,"const FuriHalSpiBusHandle*, const uint8_t*, size_t"
st25r3916_set_reg_bits,Function,Other libraries and assets,not_bridged,void,"const FuriHalSpiBusHandle*, uint8_t, uint8_t"
st25r3916_write_burst_regs,Function,Other libraries and assets,not_bridged,void,"const FuriHalSpiBusHandle*, uint8_t, const uint8_t*, uint8_t"
st25r3916_write_fifo,Function,Other libraries and assets,not_bridged,void,"const FuriHalSpiBusHandle*, const uint8_t*, size_t"
st25r3916_write_pta_mem,Function,Other libraries and assets,not_bridged,void,"const FuriHalSpiBusHandle*, const uint8_t*, size_t"
st25r3916_write_ptf_mem,Function,Other libraries and assets,not_bridged,void,"const FuriHalSpiBusHandle*, const uint8_t*, size_t"
st25r3916_write_pttsn_mem,Function,Other libraries and assets,not_bridged,void,"const FuriHalSpiBusHandle*, uint8_t*, size_t"
st25r3916_write_reg,Function,Other libraries and assets,not_bridged,void,"const FuriHalSpiBusHandle*, uint8_t, uint8_t"
st25r3916_write_test_reg,Function,Other libraries and assets,not_bridged,void,"const FuriHalSpiBusHandle*, uint8_t, uint8_t"
st25tb_alloc,Function,Other libraries and assets,not_bridged,St25tbData*,
st25tb_copy,Function,Other libraries and assets,not_bridged,void,"St25tbData*, const St25tbData*"
st25tb_free,Function,Other libraries and assets,not_bridged,void,St25tbData*
st25tb_get_base_data,Function,Other libraries and assets,not_bridged,St25tbData*,const St25tbData*
st25tb_get_block_count,Function,Other libraries and assets,not_bridged,uint8_t,St25tbType
st25tb_get_device_name,Function,Other libraries and assets,not_bridged,const char*,"const St25tbData*, NfcDeviceNameType"
st25tb_get_type_from_uid,Function,Other libraries and assets,not_bridged,St25tbType,const uint8_t*
st25tb_get_uid,Function,Other libraries and assets,not_bridged,const uint8_t*,"const St25tbData*, size_t*"
st25tb_is_equal,Function,Other libraries and assets,not_bridged,_Bool,"const St25tbData*, const St25tbData*"
st25tb_load,Function,Other libraries and assets,not_bridged,_Bool,"St25tbData*, FlipperFormat*, uint32_t"
st25tb_poller_get_uid,Function,Other libraries and assets,not_bridged,St25tbError,"St25tbPoller*, uint8_t*"
st25tb_poller_halt,Function,Other libraries and assets,not_bridged,St25tbError,St25tbPoller*
st25tb_poller_initiate,Function,Other libraries and assets,not_bridged,St25tbError,"St25tbPoller*, uint8_t*"
st25tb_poller_read_block,Function,Other libraries and assets,not_bridged,St25tbError,"St25tbPoller*, uint32_t*, uint8_t"
st25tb_poller_select,Function,Other libraries and assets,not_bridged,St25tbError,"St25tbPoller*, uint8_t*"
st25tb_poller_send_frame,Function,Other libraries and assets,not_bridged,St25tbError,"St25tbPoller*, const BitBuffer*, BitBuffer*, uint32_t"
st25tb_poller_sync_detect_type,Function,Other libraries and assets,not_bridged,St25tbError,"Nfc*, St25tbType*"
st25tb_poller_sync_read,Function,Other libraries and assets,not_bridged,St25tbError,"Nfc*, St25tbData*"
st25tb_poller_sync_read_block,Function,Other libraries and assets,not_bridged,St25tbError,"Nfc*, uint8_t, uint32_t*"
st25tb_poller_sync_write_block,Function,Other libraries and assets,not_bridged,St25tbError,"Nfc*, uint8_t, uint32_t"
st25tb_poller_write_block,Function,Other libraries and assets,not_bridged,St25tbError,"St25tbPoller*, uint32_t, uint8_t"
st25tb_reset,Function,Other libraries and assets,not_bridged,void,St25tbData*
st25tb_save,Function,Other libraries and assets,not_bridged,_Bool,"const St25tbData*, FlipperFormat*"
st25tb_set_uid,Function,Other libraries and assets,not_bridged,_Bool,"St25tbData*, const uint8_t*, size_t"
st25tb_verify,Function,Other libraries and assets,not_bridged,_Bool,"St25tbData*, const FuriString*"
storage_common_copy,Function,Storage,native_export_needs_arm_bridge,FS_Error,"Storage*, const char*, const char*"
storage_common_equivalent_path,Function,Storage,not_bridged,_Bool,"Storage*, const char*, const char*"
storage_common_exists,Function,Storage,native_export_needs_arm_bridge,_Bool,"Storage*, const char*"
storage_common_fs_info,Function,Storage,not_bridged,FS_Error,"Storage*, const char*, uint64_t*, uint64_t*"
storage_common_is_subdir,Function,Storage,not_bridged,_Bool,"Storage*, const char*, const char*"
storage_common_merge,Function,Storage,not_bridged,FS_Error,"Storage*, const char*, const char*"
storage_common_migrate,Function,Storage,native_export_needs_arm_bridge,FS_Error,"Storage*, const char*, const char*"
storage_common_mkdir,Function,Storage,native_export_needs_arm_bridge,FS_Error,"Storage*, const char*"
storage_common_remove,Function,Storage,native_export_needs_arm_bridge,FS_Error,"Storage*, const char*"
storage_common_rename,Function,Storage,native_export_needs_arm_bridge,FS_Error,"Storage*, const char*, const char*"
storage_common_resolve_path_and_ensure_app_directory,Function,Storage,not_bridged,void,"Storage*, FuriString*"
storage_common_stat,Function,Storage,native_export_needs_arm_bridge,FS_Error,"Storage*, const char*, FileInfo*"
storage_common_timestamp,Function,Storage,not_bridged,FS_Error,"Storage*, const char*, uint32_t*"
storage_dir_close,Function,Storage,native_export_needs_arm_bridge,_Bool,File*
storage_dir_exists,Function,Storage,native_export_needs_arm_bridge,_Bool,"Storage*, const char*"
storage_dir_open,Function,Storage,native_export_needs_arm_bridge,_Bool,"File*, const char*"
storage_dir_read,Function,Storage,native_export_needs_arm_bridge,_Bool,"File*, FileInfo*, char*, uint16_t"
storage_error_get_desc,Function,Storage,not_bridged,const char*,FS_Error
storage_file_alloc,Function,Storage,native_export_needs_arm_bridge,File*,Storage*
storage_file_close,Function,Storage,native_export_needs_arm_bridge,_Bool,File*
storage_file_copy_to_file,Function,Storage,not_bridged,_Bool,"File*, File*, size_t"
storage_file_eof,Function,Storage,not_bridged,_Bool,File*
storage_file_exists,Function,Storage,native_export_needs_arm_bridge,_Bool,"Storage*, const char*"
storage_file_free,Function,Storage,native_export_needs_arm_bridge,void,File*
storage_file_get_error,Function,Storage,native_export_needs_arm_bridge,FS_Error,File*
storage_file_get_error_desc,Function,Storage,native_export_needs_arm_bridge,const char*,File*
storage_file_is_dir,Function,Storage,not_bridged,_Bool,File*
storage_file_is_open,Function,Storage,not_bridged,_Bool,File*
storage_file_open,Function,Storage,native_export_needs_arm_bridge,_Bool,"File*, const char*, FS_AccessMode, FS_OpenMode"
storage_file_read,Function,Storage,native_export_needs_arm_bridge,size_t,"File*, void*, size_t"
storage_file_seek,Function,Storage,native_export_needs_arm_bridge,_Bool,"File*, uint32_t, _Bool"
storage_file_size,Function,Storage,native_export_needs_arm_bridge,uint64_t,File*
storage_file_sync,Function,Storage,not_bridged,_Bool,File*
storage_file_tell,Function,Storage,native_export_needs_arm_bridge,uint64_t,File*
storage_file_truncate,Function,Storage,not_bridged,_Bool,File*
storage_file_write,Function,Storage,native_export_needs_arm_bridge,size_t,"File*, const void*, size_t"
storage_get_next_filename,Function,Storage,not_bridged,void,"Storage*, const char*, const char*, const char*, FuriString*, uint8_t"
storage_get_pubsub,Function,Storage,not_bridged,FuriPubSub*,Storage*
storage_int_backup,Function,Storage,not_bridged,FS_Error,"Storage*, const char*"
storage_int_restore,Function,Storage,not_bridged,FS_Error,"Storage*, const char*, StorageNameConverter"
storage_sd_format,Function,Storage,not_bridged,FS_Error,Storage*
storage_sd_info,Function,Storage,not_bridged,FS_Error,"Storage*, SDInfo*"
storage_sd_mount,Function,Storage,not_bridged,FS_Error,Storage*
storage_sd_status,Function,Storage,native_export_needs_arm_bridge,FS_Error,Storage*
storage_sd_unmount,Function,Storage,not_bridged,FS_Error,Storage*
storage_simply_mkdir,Function,Storage,native_export_needs_arm_bridge,_Bool,"Storage*, const char*"
storage_simply_remove,Function,Storage,native_export_needs_arm_bridge,_Bool,"Storage*, const char*"
storage_simply_remove_recursive,Function,Storage,native_export_needs_arm_bridge,_Bool,"Storage*, const char*"
str_buffer_clear_all_clones,Function,Other libraries and assets,not_bridged,void,StrBuffer*
str_buffer_make_owned_clone,Function,Other libraries and assets,not_bridged,const char*,"StrBuffer*, const char*"
strcasecmp,Function,Other libraries and assets,native_export_needs_arm_bridge,int,"const char*, const char*"
strcasestr,Function,Other libraries and assets,not_bridged,char*,"const char*, const char*"
strchr,Function,Other libraries and assets,native_export_needs_arm_bridge,char*,"const char*, int"
strcmp,Function,Other libraries and assets,bridged_subset,int,"const char*, const char*"
strcpy,Function,Other libraries and assets,native_export_needs_arm_bridge,char*,"char*, const char*"
strcspn,Function,Other libraries and assets,not_bridged,size_t,"const char*, const char*"
strdup,Function,Other libraries and assets,native_export_needs_arm_bridge,char*,const char*
stream_clean,Function,Storage,native_export_needs_arm_bridge,void,Stream*
stream_copy,Function,Storage,native_export_needs_arm_bridge,size_t,"Stream*, Stream*, size_t"
stream_copy_full,Function,Storage,not_bridged,size_t,"Stream*, Stream*"
stream_delete,Function,Storage,native_export_needs_arm_bridge,_Bool,"Stream*, size_t"
stream_delete_and_insert,Function,Storage,not_bridged,_Bool,"Stream*, size_t, StreamWriteCB, const void*"
stream_delete_and_insert_char,Function,Storage,not_bridged,_Bool,"Stream*, size_t, char"
stream_delete_and_insert_cstring,Function,Storage,not_bridged,_Bool,"Stream*, size_t, const char*"
stream_delete_and_insert_format,Function,Storage,not_bridged,_Bool,"Stream*, size_t, const char*, ..."
stream_delete_and_insert_string,Function,Storage,not_bridged,_Bool,"Stream*, size_t, FuriString*"
stream_delete_and_insert_vaformat,Function,Storage,not_bridged,_Bool,"Stream*, size_t, const char*, va_list"
stream_dump_data,Function,Storage,not_bridged,void,Stream*
stream_eof,Function,Storage,native_export_needs_arm_bridge,_Bool,Stream*
stream_free,Function,Storage,native_export_needs_arm_bridge,void,Stream*
stream_insert,Function,Storage,native_export_needs_arm_bridge,_Bool,"Stream*, const uint8_t*, size_t"
stream_insert_char,Function,Storage,not_bridged,_Bool,"Stream*, char"
stream_insert_cstring,Function,Storage,not_bridged,_Bool,"Stream*, const char*"
stream_insert_format,Function,Storage,not_bridged,_Bool,"Stream*, const char*, ..."
stream_insert_string,Function,Storage,not_bridged,_Bool,"Stream*, FuriString*"
stream_insert_vaformat,Function,Storage,not_bridged,_Bool,"Stream*, const char*, va_list"
stream_load_from_file,Function,Storage,not_bridged,size_t,"Stream*, Storage*, const char*"
stream_read,Function,Storage,native_export_needs_arm_bridge,size_t,"Stream*, uint8_t*, size_t"
stream_read_line,Function,Storage,native_export_needs_arm_bridge,_Bool,"Stream*, FuriString*"
stream_rewind,Function,Storage,native_export_needs_arm_bridge,_Bool,Stream*
stream_save_to_file,Function,Storage,not_bridged,size_t,"Stream*, Storage*, const char*, FS_OpenMode"
stream_seek,Function,Storage,native_export_needs_arm_bridge,_Bool,"Stream*, int32_t, StreamOffset"
stream_seek_to_char,Function,Storage,native_export_needs_arm_bridge,_Bool,"Stream*, char, StreamDirection"
stream_size,Function,Storage,native_export_needs_arm_bridge,size_t,Stream*
stream_split,Function,Storage,not_bridged,_Bool,"Stream*, Stream*, Stream*"
stream_tell,Function,Storage,native_export_needs_arm_bridge,size_t,Stream*
stream_write,Function,Storage,native_export_needs_arm_bridge,size_t,"Stream*, const uint8_t*, size_t"
stream_write_char,Function,Storage,native_export_needs_arm_bridge,size_t,"Stream*, char"
stream_write_cstring,Function,Storage,not_bridged,size_t,"Stream*, const char*"
stream_write_format,Function,Storage,not_bridged,size_t,"Stream*, const char*, ..."
stream_write_string,Function,Storage,not_bridged,size_t,"Stream*, FuriString*"
stream_write_vaformat,Function,Storage,not_bridged,size_t,"Stream*, const char*, va_list"
string_stream_alloc,Function,Other libraries and assets,not_bridged,Stream*,
strint_to_int16,Function,Other libraries and assets,not_bridged,StrintParseError,"const char*, char**, int16_t*, uint8_t"
strint_to_int32,Function,Other libraries and assets,not_bridged,StrintParseError,"const char*, char**, int32_t*, uint8_t"
strint_to_int64,Function,Other libraries and assets,not_bridged,StrintParseError,"const char*, char**, int64_t*, uint8_t"
strint_to_uint16,Function,Other libraries and assets,not_bridged,StrintParseError,"const char*, char**, uint16_t*, uint8_t"
strint_to_uint32,Function,Other libraries and assets,native_export_needs_arm_bridge,StrintParseError,"const char*, char**, uint32_t*, uint8_t"
strint_to_uint64,Function,Other libraries and assets,not_bridged,StrintParseError,"const char*, char**, uint64_t*, uint8_t"
strlcat,Function,Other libraries and assets,bridged_subset,size_t,"char*, const char*, size_t"
strlcpy,Function,Other libraries and assets,bridged_subset,size_t,"char*, const char*, size_t"
strlen,Function,Other libraries and assets,bridged_subset,size_t,const char*
strncasecmp,Function,Other libraries and assets,native_export_needs_arm_bridge,int,"const char*, const char*, size_t"
strncmp,Function,Other libraries and assets,native_export_needs_arm_bridge,int,"const char*, const char*, size_t"
strncpy,Function,Other libraries and assets,native_export_needs_arm_bridge,char*,"char*, const char*, size_t"
strrchr,Function,Other libraries and assets,native_export_needs_arm_bridge,char*,"const char*, int"
strspn,Function,Other libraries and assets,not_bridged,size_t,"const char*, const char*"
strstr,Function,Other libraries and assets,native_export_needs_arm_bridge,char*,"const char*, const char*"
strtod,Function,Other libraries and assets,not_bridged,double,"const char*, char**"
strtof,Function,Other libraries and assets,native_export_needs_arm_bridge,float,"const char*, char**"
strtol,Function,Other libraries and assets,native_export_needs_arm_bridge,long,"const char*, char**, int"
strtoul,Function,Other libraries and assets,native_export_needs_arm_bridge,unsigned long,"const char*, char**, int"
strtoull,Function,Other libraries and assets,native_export_needs_arm_bridge,unsigned long long,"const char*, char**, int"
subghz_block_generic_deserialize,Function,Sub-GHz,native_export_needs_arm_bridge,SubGhzProtocolStatus,"SubGhzBlockGeneric*, FlipperFormat*"
subghz_block_generic_deserialize_check_count_bit,Function,Sub-GHz,native_export_needs_arm_bridge,SubGhzProtocolStatus,"SubGhzBlockGeneric*, FlipperFormat*, uint16_t"
subghz_block_generic_get_preset_name,Function,Sub-GHz,not_bridged,void,"const char*, FuriString*"
subghz_block_generic_serialize,Function,Sub-GHz,native_export_needs_arm_bridge,SubGhzProtocolStatus,"SubGhzBlockGeneric*, FlipperFormat*, SubGhzRadioPreset*"
subghz_device_cc1101_preset_2fsk_dev12khz_async_regs,Variable,Sub-GHz,not_bridged,const uint8_t[],
subghz_device_cc1101_preset_2fsk_dev2_38khz_async_regs,Variable,Sub-GHz,not_bridged,const uint8_t[],
subghz_device_cc1101_preset_2fsk_dev47_6khz_async_regs,Variable,Sub-GHz,not_bridged,const uint8_t[],
subghz_device_cc1101_preset_gfsk_9_99kb_async_regs,Variable,Sub-GHz,not_bridged,const uint8_t[],
subghz_device_cc1101_preset_msk_99_97kb_async_regs,Variable,Sub-GHz,not_bridged,const uint8_t[],
subghz_device_cc1101_preset_ook_270khz_async_regs,Variable,Sub-GHz,not_bridged,const uint8_t[],
subghz_device_cc1101_preset_ook_650khz_async_regs,Variable,Sub-GHz,not_bridged,const uint8_t[],
subghz_devices_begin,Function,Sub-GHz,native_export_needs_arm_bridge,_Bool,const SubGhzDevice*
subghz_devices_deinit,Function,Sub-GHz,native_export_needs_arm_bridge,void,
subghz_devices_end,Function,Sub-GHz,native_export_needs_arm_bridge,void,const SubGhzDevice*
subghz_devices_flush_rx,Function,Sub-GHz,native_export_needs_arm_bridge,void,const SubGhzDevice*
subghz_devices_flush_tx,Function,Sub-GHz,not_bridged,void,const SubGhzDevice*
subghz_devices_get_by_name,Function,Sub-GHz,native_export_needs_arm_bridge,const SubGhzDevice*,const char*
subghz_devices_get_data_gpio,Function,Sub-GHz,not_bridged,const GpioPin*,const SubGhzDevice*
subghz_devices_get_lqi,Function,Sub-GHz,not_bridged,uint8_t,const SubGhzDevice*
subghz_devices_get_name,Function,Sub-GHz,not_bridged,const char*,const SubGhzDevice*
subghz_devices_get_rssi,Function,Sub-GHz,native_export_needs_arm_bridge,float,const SubGhzDevice*
subghz_devices_idle,Function,Sub-GHz,native_export_needs_arm_bridge,void,const SubGhzDevice*
subghz_devices_init,Function,Sub-GHz,native_export_needs_arm_bridge,void,
subghz_devices_is_async_complete_tx,Function,Sub-GHz,not_bridged,_Bool,const SubGhzDevice*
subghz_devices_is_connect,Function,Sub-GHz,native_export_needs_arm_bridge,_Bool,const SubGhzDevice*
subghz_devices_is_frequency_valid,Function,Sub-GHz,native_export_needs_arm_bridge,_Bool,"const SubGhzDevice*, uint32_t"
subghz_devices_is_rx_data_crc_valid,Function,Sub-GHz,not_bridged,_Bool,const SubGhzDevice*
subghz_devices_load_preset,Function,Sub-GHz,native_export_needs_arm_bridge,void,"const SubGhzDevice*, FuriHalSubGhzPreset, uint8_t*"
subghz_devices_read_packet,Function,Sub-GHz,not_bridged,void,"const SubGhzDevice*, uint8_t*, uint8_t*"
subghz_devices_reset,Function,Sub-GHz,native_export_needs_arm_bridge,void,const SubGhzDevice*
subghz_devices_rx_pipe_not_empty,Function,Sub-GHz,not_bridged,_Bool,const SubGhzDevice*
subghz_devices_set_async_mirror_pin,Function,Sub-GHz,not_bridged,void,"const SubGhzDevice*, const GpioPin*"
subghz_devices_set_frequency,Function,Sub-GHz,native_export_needs_arm_bridge,uint32_t,"const SubGhzDevice*, uint32_t"
subghz_devices_set_rx,Function,Sub-GHz,native_export_needs_arm_bridge,void,const SubGhzDevice*
subghz_devices_set_tx,Function,Sub-GHz,native_export_needs_arm_bridge,_Bool,const SubGhzDevice*
subghz_devices_sleep,Function,Sub-GHz,native_export_needs_arm_bridge,void,const SubGhzDevice*
subghz_devices_start_async_rx,Function,Sub-GHz,native_export_needs_arm_bridge,void,"const SubGhzDevice*, void*, void*"
subghz_devices_start_async_tx,Function,Sub-GHz,native_export_needs_arm_bridge,_Bool,"const SubGhzDevice*, void*, void*"
subghz_devices_stop_async_rx,Function,Sub-GHz,native_export_needs_arm_bridge,void,const SubGhzDevice*
subghz_devices_stop_async_tx,Function,Sub-GHz,native_export_needs_arm_bridge,void,const SubGhzDevice*
subghz_devices_write_packet,Function,Sub-GHz,not_bridged,void,"const SubGhzDevice*, const uint8_t*, uint8_t"
subghz_environment_alloc,Function,Sub-GHz,native_export_needs_arm_bridge,SubGhzEnvironment*,
subghz_environment_free,Function,Sub-GHz,native_export_needs_arm_bridge,void,SubGhzEnvironment*
subghz_environment_get_alutech_at_4n_rainbow_table_file_name,Function,Sub-GHz,not_bridged,const char*,SubGhzEnvironment*
subghz_environment_get_came_atomo_rainbow_table_file_name,Function,Sub-GHz,not_bridged,const char*,SubGhzEnvironment*
subghz_environment_get_keystore,Function,Sub-GHz,native_export_needs_arm_bridge,SubGhzKeystore*,SubGhzEnvironment*
subghz_environment_get_nice_flor_s_rainbow_table_file_name,Function,Sub-GHz,not_bridged,const char*,SubGhzEnvironment*
subghz_environment_get_protocol_name_registry,Function,Sub-GHz,native_export_needs_arm_bridge,const char*,"SubGhzEnvironment*, size_t"
subghz_environment_get_protocol_registry,Function,Sub-GHz,not_bridged,const SubGhzProtocolRegistry*,SubGhzEnvironment*
subghz_environment_load_keystore,Function,Sub-GHz,native_export_needs_arm_bridge,_Bool,"SubGhzEnvironment*, const char*"
subghz_environment_set_alutech_at_4n_rainbow_table_file_name,Function,Sub-GHz,not_bridged,void,"SubGhzEnvironment*, const char*"
subghz_environment_set_came_atomo_rainbow_table_file_name,Function,Sub-GHz,not_bridged,void,"SubGhzEnvironment*, const char*"
subghz_environment_set_nice_flor_s_rainbow_table_file_name,Function,Sub-GHz,not_bridged,void,"SubGhzEnvironment*, const char*"
subghz_environment_set_protocol_registry,Function,Sub-GHz,native_export_needs_arm_bridge,void,"SubGhzEnvironment*, const SubGhzProtocolRegistry*"
subghz_file_encoder_worker_alloc,Function,Sub-GHz,not_bridged,SubGhzFileEncoderWorker*,
subghz_file_encoder_worker_callback_end,Function,Sub-GHz,not_bridged,void,"SubGhzFileEncoderWorker*, SubGhzFileEncoderWorkerCallbackEnd, void*"
subghz_file_encoder_worker_free,Function,Sub-GHz,not_bridged,void,SubGhzFileEncoderWorker*
subghz_file_encoder_worker_get_level_duration,Function,Sub-GHz,not_bridged,LevelDuration,void*
subghz_file_encoder_worker_is_running,Function,Sub-GHz,not_bridged,_Bool,SubGhzFileEncoderWorker*
subghz_file_encoder_worker_start,Function,Sub-GHz,not_bridged,_Bool,"SubGhzFileEncoderWorker*, const char*, const char*"
subghz_file_encoder_worker_stop,Function,Sub-GHz,not_bridged,void,SubGhzFileEncoderWorker*
subghz_keystore_alloc,Function,Sub-GHz,not_bridged,SubGhzKeystore*,
subghz_keystore_free,Function,Sub-GHz,not_bridged,void,SubGhzKeystore*
subghz_keystore_get_data,Function,Sub-GHz,native_export_needs_arm_bridge,SubGhzKeyArray_t*,SubGhzKeystore*
subghz_keystore_load,Function,Sub-GHz,not_bridged,_Bool,"SubGhzKeystore*, const char*"
subghz_keystore_raw_encrypted_save,Function,Sub-GHz,not_bridged,_Bool,"const char*, const char*, uint8_t*"
subghz_keystore_raw_get_data,Function,Sub-GHz,native_export_needs_arm_bridge,_Bool,"const char*, size_t, uint8_t*, size_t"
subghz_keystore_save,Function,Sub-GHz,not_bridged,_Bool,"SubGhzKeystore*, const char*, uint8_t*"
subghz_protocol_blocks_add_bit,Function,Sub-GHz,native_export_needs_arm_bridge,void,"SubGhzBlockDecoder*, uint8_t"
subghz_protocol_blocks_add_bytes,Function,Sub-GHz,native_export_needs_arm_bridge,uint8_t,"const uint8_t[], size_t"
subghz_protocol_blocks_add_to_128_bit,Function,Sub-GHz,native_export_needs_arm_bridge,void,"SubGhzBlockDecoder*, uint8_t, uint64_t*"
subghz_protocol_blocks_crc16,Function,Sub-GHz,not_bridged,uint16_t,"const uint8_t[], size_t, uint16_t, uint16_t"
subghz_protocol_blocks_crc16lsb,Function,Sub-GHz,not_bridged,uint16_t,"const uint8_t[], size_t, uint16_t, uint16_t"
subghz_protocol_blocks_crc4,Function,Sub-GHz,native_export_needs_arm_bridge,uint8_t,"const uint8_t[], size_t, uint8_t, uint8_t"
subghz_protocol_blocks_crc7,Function,Sub-GHz,not_bridged,uint8_t,"const uint8_t[], size_t, uint8_t, uint8_t"
subghz_protocol_blocks_crc8,Function,Sub-GHz,native_export_needs_arm_bridge,uint8_t,"const uint8_t[], size_t, uint8_t, uint8_t"
subghz_protocol_blocks_crc8le,Function,Sub-GHz,not_bridged,uint8_t,"const uint8_t[], size_t, uint8_t, uint8_t"
subghz_protocol_blocks_get_bit_array,Function,Sub-GHz,not_bridged,_Bool,"uint8_t[], size_t"
subghz_protocol_blocks_get_hash_data,Function,Sub-GHz,native_export_needs_arm_bridge,uint8_t,"SubGhzBlockDecoder*, size_t"
subghz_protocol_blocks_get_parity,Function,Sub-GHz,not_bridged,uint8_t,"uint64_t, uint8_t"
subghz_protocol_blocks_get_upload_from_bit_array,Function,Sub-GHz,not_bridged,size_t,"uint8_t[], size_t, LevelDuration*, size_t, uint32_t, SubGhzProtocolBlockAlignBit"
subghz_protocol_blocks_lfsr_digest16,Function,Sub-GHz,not_bridged,uint16_t,"const uint8_t[], size_t, uint16_t, uint16_t"
subghz_protocol_blocks_lfsr_digest8,Function,Sub-GHz,native_export_needs_arm_bridge,uint8_t,"const uint8_t[], size_t, uint8_t, uint8_t"
subghz_protocol_blocks_lfsr_digest8_reflect,Function,Sub-GHz,native_export_needs_arm_bridge,uint8_t,"const uint8_t[], size_t, uint8_t, uint8_t"
subghz_protocol_blocks_parity8,Function,Sub-GHz,not_bridged,uint8_t,uint8_t
subghz_protocol_blocks_parity_bytes,Function,Sub-GHz,native_export_needs_arm_bridge,uint8_t,"const uint8_t[], size_t"
subghz_protocol_blocks_reverse_key,Function,Sub-GHz,native_export_needs_arm_bridge,uint64_t,"uint64_t, uint8_t"
subghz_protocol_blocks_set_bit_array,Function,Sub-GHz,not_bridged,void,"_Bool, uint8_t[], size_t, size_t"
subghz_protocol_blocks_xor_bytes,Function,Sub-GHz,not_bridged,uint8_t,"const uint8_t[], size_t"
subghz_protocol_decoder_base_deserialize,Function,Sub-GHz,not_bridged,SubGhzProtocolStatus,"SubGhzProtocolDecoderBase*, FlipperFormat*"
subghz_protocol_decoder_base_get_hash_data,Function,Sub-GHz,native_export_needs_arm_bridge,uint8_t,SubGhzProtocolDecoderBase*
subghz_protocol_decoder_base_get_string,Function,Sub-GHz,native_export_needs_arm_bridge,_Bool,"SubGhzProtocolDecoderBase*, FuriString*"
subghz_protocol_decoder_base_serialize,Function,Sub-GHz,native_export_needs_arm_bridge,SubGhzProtocolStatus,"SubGhzProtocolDecoderBase*, FlipperFormat*, SubGhzRadioPreset*"
subghz_protocol_decoder_bin_raw_data_input_rssi,Function,Sub-GHz,not_bridged,void,"SubGhzProtocolDecoderBinRAW*, float"
subghz_protocol_decoder_raw_alloc,Function,Sub-GHz,not_bridged,void*,SubGhzEnvironment*
subghz_protocol_decoder_raw_deserialize,Function,Sub-GHz,not_bridged,SubGhzProtocolStatus,"void*, FlipperFormat*"
subghz_protocol_decoder_raw_feed,Function,Sub-GHz,not_bridged,void,"void*, _Bool, uint32_t"
subghz_protocol_decoder_raw_free,Function,Sub-GHz,not_bridged,void,void*
subghz_protocol_decoder_raw_get_string,Function,Sub-GHz,not_bridged,void,"void*, FuriString*"
subghz_protocol_decoder_raw_reset,Function,Sub-GHz,not_bridged,void,void*
subghz_protocol_encoder_raw_alloc,Function,Sub-GHz,not_bridged,void*,SubGhzEnvironment*
subghz_protocol_encoder_raw_deserialize,Function,Sub-GHz,not_bridged,SubGhzProtocolStatus,"void*, FlipperFormat*"
subghz_protocol_encoder_raw_free,Function,Sub-GHz,not_bridged,void,void*
subghz_protocol_encoder_raw_stop,Function,Sub-GHz,not_bridged,void,void*
subghz_protocol_encoder_raw_yield,Function,Sub-GHz,not_bridged,LevelDuration,void*
subghz_protocol_keeloq_create_data,Function,Sub-GHz,not_bridged,_Bool,"void*, FlipperFormat*, uint32_t, uint8_t, uint16_t, const char*, SubGhzRadioPreset*"
subghz_protocol_raw,Variable,Sub-GHz,not_bridged,const SubGhzProtocol,
subghz_protocol_raw_decoder,Variable,Sub-GHz,not_bridged,const SubGhzProtocolDecoder,
subghz_protocol_raw_encoder,Variable,Sub-GHz,not_bridged,const SubGhzProtocolEncoder,
subghz_protocol_raw_file_encoder_worker_set_callback_end,Function,Sub-GHz,not_bridged,void,"SubGhzProtocolEncoderRAW*, SubGhzProtocolEncoderRAWCallbackEnd, void*"
subghz_protocol_raw_gen_fff_data,Function,Sub-GHz,not_bridged,void,"FlipperFormat*, const char*, const char*"
subghz_protocol_raw_get_sample_write,Function,Sub-GHz,not_bridged,size_t,SubGhzProtocolDecoderRAW*
subghz_protocol_raw_save_to_file_init,Function,Sub-GHz,not_bridged,_Bool,"SubGhzProtocolDecoderRAW*, const char*, SubGhzRadioPreset*"
subghz_protocol_raw_save_to_file_pause,Function,Sub-GHz,not_bridged,void,"SubGhzProtocolDecoderRAW*, _Bool"
subghz_protocol_raw_save_to_file_stop,Function,Sub-GHz,not_bridged,void,SubGhzProtocolDecoderRAW*
subghz_protocol_registry,Variable,Sub-GHz,not_bridged,const SubGhzProtocolRegistry,
subghz_protocol_registry_count,Function,Sub-GHz,native_export_needs_arm_bridge,size_t,const SubGhzProtocolRegistry*
subghz_protocol_registry_get_by_index,Function,Sub-GHz,native_export_needs_arm_bridge,const SubGhzProtocol*,"const SubGhzProtocolRegistry*, size_t"
subghz_protocol_registry_get_by_name,Function,Sub-GHz,not_bridged,const SubGhzProtocol*,"const SubGhzProtocolRegistry*, const char*"
subghz_protocol_secplus_v1_check_fixed,Function,Sub-GHz,not_bridged,_Bool,uint32_t
subghz_protocol_secplus_v2_create_data,Function,Sub-GHz,not_bridged,_Bool,"void*, FlipperFormat*, uint32_t, uint8_t, uint32_t, SubGhzRadioPreset*"
subghz_receiver_alloc_init,Function,Sub-GHz,native_export_needs_arm_bridge,SubGhzReceiver*,SubGhzEnvironment*
subghz_receiver_decode,Function,Sub-GHz,native_export_needs_arm_bridge,void,"SubGhzReceiver*, _Bool, uint32_t"
subghz_receiver_free,Function,Sub-GHz,native_export_needs_arm_bridge,void,SubGhzReceiver*
subghz_receiver_reset,Function,Sub-GHz,native_export_needs_arm_bridge,void,SubGhzReceiver*
subghz_receiver_search_decoder_base_by_name,Function,Sub-GHz,not_bridged,SubGhzProtocolDecoderBase*,"SubGhzReceiver*, const char*"
subghz_receiver_set_filter,Function,Sub-GHz,native_export_needs_arm_bridge,void,"SubGhzReceiver*, SubGhzProtocolFlag"
subghz_receiver_set_rx_callback,Function,Sub-GHz,native_export_needs_arm_bridge,void,"SubGhzReceiver*, SubGhzReceiverCallback, void*"
subghz_setting_alloc,Function,Sub-GHz,native_export_needs_arm_bridge,SubGhzSetting*,
subghz_setting_delete_custom_preset,Function,Sub-GHz,not_bridged,_Bool,"SubGhzSetting*, const char*"
subghz_setting_free,Function,Sub-GHz,native_export_needs_arm_bridge,void,SubGhzSetting*
subghz_setting_get_default_frequency,Function,Sub-GHz,native_export_needs_arm_bridge,uint32_t,SubGhzSetting*
subghz_setting_get_frequency,Function,Sub-GHz,native_export_needs_arm_bridge,uint32_t,"SubGhzSetting*, size_t"
subghz_setting_get_frequency_count,Function,Sub-GHz,native_export_needs_arm_bridge,size_t,SubGhzSetting*
subghz_setting_get_frequency_default_index,Function,Sub-GHz,native_export_needs_arm_bridge,uint32_t,SubGhzSetting*
subghz_setting_get_hopper_frequency,Function,Sub-GHz,native_export_needs_arm_bridge,uint32_t,"SubGhzSetting*, size_t"
subghz_setting_get_hopper_frequency_count,Function,Sub-GHz,native_export_needs_arm_bridge,size_t,SubGhzSetting*
subghz_setting_get_inx_preset_by_name,Function,Sub-GHz,native_export_needs_arm_bridge,int,"SubGhzSetting*, const char*"
subghz_setting_get_preset_count,Function,Sub-GHz,native_export_needs_arm_bridge,size_t,SubGhzSetting*
subghz_setting_get_preset_data,Function,Sub-GHz,native_export_needs_arm_bridge,uint8_t*,"SubGhzSetting*, size_t"
subghz_setting_get_preset_data_by_name,Function,Sub-GHz,native_export_needs_arm_bridge,uint8_t*,"SubGhzSetting*, const char*"
subghz_setting_get_preset_data_size,Function,Sub-GHz,native_export_needs_arm_bridge,size_t,"SubGhzSetting*, size_t"
subghz_setting_get_preset_name,Function,Sub-GHz,native_export_needs_arm_bridge,const char*,"SubGhzSetting*, size_t"
subghz_setting_load,Function,Sub-GHz,native_export_needs_arm_bridge,void,"SubGhzSetting*, const char*"
subghz_setting_load_custom_preset,Function,Sub-GHz,native_export_needs_arm_bridge,_Bool,"SubGhzSetting*, const char*, FlipperFormat*"
subghz_transmitter_alloc_init,Function,Sub-GHz,native_export_needs_arm_bridge,SubGhzTransmitter*,"SubGhzEnvironment*, const char*"
subghz_transmitter_deserialize,Function,Sub-GHz,native_export_needs_arm_bridge,SubGhzProtocolStatus,"SubGhzTransmitter*, FlipperFormat*"
subghz_transmitter_free,Function,Sub-GHz,native_export_needs_arm_bridge,void,SubGhzTransmitter*
subghz_transmitter_get_protocol_instance,Function,Sub-GHz,not_bridged,SubGhzProtocolEncoderBase*,SubGhzTransmitter*
subghz_transmitter_stop,Function,Sub-GHz,native_export_needs_arm_bridge,_Bool,SubGhzTransmitter*
subghz_transmitter_yield,Function,Sub-GHz,native_export_needs_arm_bridge,LevelDuration,void*
subghz_tx_rx_worker_alloc,Function,Sub-GHz,not_bridged,SubGhzTxRxWorker*,
subghz_tx_rx_worker_available,Function,Sub-GHz,not_bridged,size_t,SubGhzTxRxWorker*
subghz_tx_rx_worker_free,Function,Sub-GHz,not_bridged,void,SubGhzTxRxWorker*
subghz_tx_rx_worker_is_running,Function,Sub-GHz,not_bridged,_Bool,SubGhzTxRxWorker*
subghz_tx_rx_worker_read,Function,Sub-GHz,not_bridged,size_t,"SubGhzTxRxWorker*, uint8_t*, size_t"
subghz_tx_rx_worker_set_callback_have_read,Function,Sub-GHz,not_bridged,void,"SubGhzTxRxWorker*, SubGhzTxRxWorkerCallbackHaveRead, void*"
subghz_tx_rx_worker_start,Function,Sub-GHz,not_bridged,_Bool,"SubGhzTxRxWorker*, const SubGhzDevice*, uint32_t"
subghz_tx_rx_worker_stop,Function,Sub-GHz,not_bridged,void,SubGhzTxRxWorker*
subghz_tx_rx_worker_write,Function,Sub-GHz,not_bridged,_Bool,"SubGhzTxRxWorker*, uint8_t*, size_t"
subghz_worker_alloc,Function,Sub-GHz,native_export_needs_arm_bridge,SubGhzWorker*,
subghz_worker_free,Function,Sub-GHz,native_export_needs_arm_bridge,void,SubGhzWorker*
subghz_worker_is_running,Function,Sub-GHz,native_export_needs_arm_bridge,_Bool,SubGhzWorker*
subghz_worker_rx_callback,Function,Sub-GHz,native_export_needs_arm_bridge,void,"_Bool, uint32_t, void*"
subghz_worker_set_context,Function,Sub-GHz,native_export_needs_arm_bridge,void,"SubGhzWorker*, void*"
subghz_worker_set_filter,Function,Sub-GHz,not_bridged,void,"SubGhzWorker*, uint16_t"
subghz_worker_set_overrun_callback,Function,Sub-GHz,native_export_needs_arm_bridge,void,"SubGhzWorker*, SubGhzWorkerOverrunCallback"
subghz_worker_set_pair_callback,Function,Sub-GHz,native_export_needs_arm_bridge,void,"SubGhzWorker*, SubGhzWorkerPairCallback"
subghz_worker_start,Function,Sub-GHz,native_export_needs_arm_bridge,void,SubGhzWorker*
subghz_worker_stop,Function,Sub-GHz,native_export_needs_arm_bridge,void,SubGhzWorker*
submenu_add_item,Function,GUI modules,native_export_needs_arm_bridge,void,"Submenu*, const char*, uint32_t, SubmenuItemCallback, void*"
submenu_add_item_ex,Function,GUI modules,not_bridged,void,"Submenu*, const char*, uint32_t, SubmenuItemCallbackEx, void*"
submenu_alloc,Function,GUI modules,native_export_needs_arm_bridge,Submenu*,
submenu_change_item_label,Function,GUI modules,native_export_needs_arm_bridge,void,"Submenu*, uint32_t, const char*"
submenu_free,Function,GUI modules,native_export_needs_arm_bridge,void,Submenu*
submenu_get_selected_item,Function,GUI modules,not_bridged,uint32_t,Submenu*
submenu_get_view,Function,GUI modules,native_export_needs_arm_bridge,View*,Submenu*
submenu_reset,Function,GUI modules,native_export_needs_arm_bridge,void,Submenu*
submenu_set_header,Function,GUI modules,native_export_needs_arm_bridge,void,"Submenu*, const char*"
submenu_set_selected_item,Function,GUI modules,native_export_needs_arm_bridge,void,"Submenu*, uint32_t"
t5577_write,Function,Other libraries and assets,not_bridged,void,LFRFIDT5577*
t5577_write_with_mask,Function,Other libraries and assets,not_bridged,void,"LFRFIDT5577*, uint8_t, _Bool, uint32_t"
t5577_write_with_pass,Function,Other libraries and assets,not_bridged,void,"LFRFIDT5577*, uint32_t"
tar_archive_add_dir,Function,Other libraries and assets,not_bridged,_Bool,"TarArchive*, const char*, const char*"
tar_archive_add_file,Function,Other libraries and assets,not_bridged,_Bool,"TarArchive*, const char*, const char*, const int32_t"
tar_archive_alloc,Function,Other libraries and assets,not_bridged,TarArchive*,Storage*
tar_archive_dir_add_element,Function,Other libraries and assets,not_bridged,_Bool,"TarArchive*, const char*"
tar_archive_file_add_data_block,Function,Other libraries and assets,not_bridged,_Bool,"TarArchive*, const uint8_t*, const int32_t"
tar_archive_file_add_header,Function,Other libraries and assets,not_bridged,_Bool,"TarArchive*, const char*, const int32_t"
tar_archive_file_finalize,Function,Other libraries and assets,not_bridged,_Bool,TarArchive*
tar_archive_finalize,Function,Other libraries and assets,not_bridged,_Bool,TarArchive*
tar_archive_free,Function,Other libraries and assets,not_bridged,void,TarArchive*
tar_archive_get_entries_count,Function,Other libraries and assets,not_bridged,int32_t,TarArchive*
tar_archive_get_mode_for_path,Function,Other libraries and assets,not_bridged,TarOpenMode,const char*
tar_archive_get_read_progress,Function,Other libraries and assets,not_bridged,_Bool,"TarArchive*, int32_t*, int32_t*"
tar_archive_open,Function,Other libraries and assets,not_bridged,_Bool,"TarArchive*, const char*, TarOpenMode"
tar_archive_set_file_callback,Function,Other libraries and assets,not_bridged,void,"TarArchive*, tar_unpack_file_cb, void*"
tar_archive_store_data,Function,Other libraries and assets,not_bridged,_Bool,"TarArchive*, const char*, const uint8_t*, const int32_t"
tar_archive_unpack_file,Function,Other libraries and assets,not_bridged,_Bool,"TarArchive*, const char*, const char*"
tar_archive_unpack_to,Function,Other libraries and assets,not_bridged,_Bool,"TarArchive*, const char*, TarArchiveNameConverter"
text_box_alloc,Function,GUI modules,native_export_needs_arm_bridge,TextBox*,
text_box_free,Function,GUI modules,native_export_needs_arm_bridge,void,TextBox*
text_box_get_view,Function,GUI modules,native_export_needs_arm_bridge,View*,TextBox*
text_box_reset,Function,GUI modules,native_export_needs_arm_bridge,void,TextBox*
text_box_set_focus,Function,GUI modules,native_export_needs_arm_bridge,void,"TextBox*, TextBoxFocus"
text_box_set_font,Function,GUI modules,native_export_needs_arm_bridge,void,"TextBox*, TextBoxFont"
text_box_set_text,Function,GUI modules,native_export_needs_arm_bridge,void,"TextBox*, const char*"
text_input_alloc,Function,GUI modules,native_export_needs_arm_bridge,TextInput*,
text_input_free,Function,GUI modules,native_export_needs_arm_bridge,void,TextInput*
text_input_get_validator_callback,Function,GUI modules,not_bridged,TextInputValidatorCallback,TextInput*
text_input_get_validator_callback_context,Function,GUI modules,native_export_needs_arm_bridge,void*,TextInput*
text_input_get_view,Function,GUI modules,native_export_needs_arm_bridge,View*,TextInput*
text_input_reset,Function,GUI modules,native_export_needs_arm_bridge,void,TextInput*
text_input_set_header_text,Function,GUI modules,native_export_needs_arm_bridge,void,"TextInput*, const char*"
text_input_set_minimum_length,Function,GUI modules,native_export_needs_arm_bridge,void,"TextInput*, size_t"
text_input_set_result_callback,Function,GUI modules,native_export_needs_arm_bridge,void,"TextInput*, TextInputCallback, void*, char*, size_t, _Bool"
text_input_set_validator,Function,GUI modules,native_export_needs_arm_bridge,void,"TextInput*, TextInputValidatorCallback, void*"
uint8_to_hex_chars,Function,Other libraries and assets,not_bridged,void,"const uint8_t*, uint8_t*, int"
usb_cdc_dual,Variable,Other libraries and assets,not_bridged,FuriHalUsbInterface,
usb_cdc_single,Variable,Other libraries and assets,not_bridged,FuriHalUsbInterface,
usb_hid,Variable,Other libraries and assets,not_bridged,FuriHalUsbInterface,
usb_hid_u2f,Variable,Other libraries and assets,not_bridged,FuriHalUsbInterface,
usbd_devfs,Variable,Other libraries and assets,not_bridged,const usbd_driver,
validator_is_file_alloc_init,Function,Other libraries and assets,not_bridged,ValidatorIsFile*,"const char*, const char*, const char*"
validator_is_file_callback,Function,Other libraries and assets,not_bridged,_Bool,"const char*, FuriString*, void*"
validator_is_file_free,Function,Other libraries and assets,not_bridged,void,ValidatorIsFile*
value_index_bool,Function,Other libraries and assets,not_bridged,size_t,"const _Bool, const _Bool[], size_t"
value_index_float,Function,Other libraries and assets,not_bridged,size_t,"const float, const float[], size_t"
value_index_int32,Function,Other libraries and assets,not_bridged,size_t,"const int32_t, const int32_t[], size_t"
value_index_uint32,Function,Other libraries and assets,native_export_needs_arm_bridge,size_t,"const uint32_t, const uint32_t[], size_t"
variable_item_get_context,Function,GUI modules,native_export_needs_arm_bridge,void*,VariableItem*
variable_item_get_current_value_index,Function,GUI modules,native_export_needs_arm_bridge,uint8_t,VariableItem*
variable_item_list_add,Function,GUI modules,native_export_needs_arm_bridge,VariableItem*,"VariableItemList*, const char*, uint8_t, VariableItemChangeCallback, void*"
variable_item_list_alloc,Function,GUI modules,native_export_needs_arm_bridge,VariableItemList*,
variable_item_list_free,Function,GUI modules,native_export_needs_arm_bridge,void,VariableItemList*
variable_item_list_get_selected_item_index,Function,GUI modules,not_bridged,uint8_t,VariableItemList*
variable_item_list_get_view,Function,GUI modules,native_export_needs_arm_bridge,View*,VariableItemList*
variable_item_list_reset,Function,GUI modules,native_export_needs_arm_bridge,void,VariableItemList*
variable_item_list_set_enter_callback,Function,GUI modules,native_export_needs_arm_bridge,void,"VariableItemList*, VariableItemListEnterCallback, void*"
variable_item_list_set_selected_item,Function,GUI modules,native_export_needs_arm_bridge,void,"VariableItemList*, uint8_t"
variable_item_set_current_value_index,Function,GUI modules,native_export_needs_arm_bridge,void,"VariableItem*, uint8_t"
variable_item_set_current_value_text,Function,GUI modules,native_export_needs_arm_bridge,void,"VariableItem*, const char*"
variable_item_set_item_label,Function,GUI modules,not_bridged,void,"VariableItem*, const char*"
variable_item_set_values_count,Function,GUI modules,not_bridged,void,"VariableItem*, uint8_t"
varint_int32_length,Function,Other libraries and assets,not_bridged,size_t,int32_t
varint_int32_pack,Function,Other libraries and assets,not_bridged,size_t,"int32_t, uint8_t*"
varint_int32_unpack,Function,Other libraries and assets,not_bridged,size_t,"int32_t*, const uint8_t*, size_t"
varint_uint32_length,Function,Other libraries and assets,not_bridged,size_t,uint32_t
varint_uint32_pack,Function,Other libraries and assets,not_bridged,size_t,"uint32_t, uint8_t*"
varint_uint32_unpack,Function,Other libraries and assets,not_bridged,size_t,"uint32_t*, const uint8_t*, size_t"
version_get,Function,Other libraries and assets,not_bridged,const Version*,
version_get_builddate,Function,Other libraries and assets,not_bridged,const char*,const Version*
version_get_dirty_flag,Function,Other libraries and assets,not_bridged,_Bool,const Version*
version_get_firmware_origin,Function,Other libraries and assets,not_bridged,const char*,const Version*
version_get_git_origin,Function,Other libraries and assets,not_bridged,const char*,const Version*
version_get_gitbranch,Function,Other libraries and assets,not_bridged,const char*,const Version*
version_get_gitbranchnum,Function,Other libraries and assets,not_bridged,const char*,const Version*
version_get_githash,Function,Other libraries and assets,not_bridged,const char*,const Version*
version_get_target,Function,Other libraries and assets,not_bridged,uint8_t,const Version*
version_get_version,Function,Other libraries and assets,not_bridged,const char*,const Version*
view_alloc,Function,Views and dispatcher,bridged_subset,View*,
view_allocate_model,Function,Views and dispatcher,bridged_subset,void,"View*, ViewModelType, size_t"
view_commit_model,Function,Views and dispatcher,bridged_subset,void,"View*, _Bool"
view_dispatcher_add_view,Function,Views and dispatcher,bridged_subset,void,"ViewDispatcher*, uint32_t, View*"
view_dispatcher_alloc,Function,Views and dispatcher,bridged_subset,ViewDispatcher*,
view_dispatcher_alloc_ex,Function,Views and dispatcher,not_bridged,ViewDispatcher*,FuriEventLoop*
view_dispatcher_attach_to_gui,Function,Views and dispatcher,bridged_subset,void,"ViewDispatcher*, Gui*, ViewDispatcherType"
view_dispatcher_check_id,Function,Views and dispatcher,not_bridged,_Bool,"ViewDispatcher*, uint32_t"
view_dispatcher_enable_queue,Function,Views and dispatcher,native_export_needs_arm_bridge,void,ViewDispatcher*
view_dispatcher_free,Function,Views and dispatcher,bridged_subset,void,ViewDispatcher*
view_dispatcher_get_event_loop,Function,Views and dispatcher,not_bridged,FuriEventLoop*,ViewDispatcher*
view_dispatcher_remove_view,Function,Views and dispatcher,bridged_subset,void,"ViewDispatcher*, uint32_t"
view_dispatcher_run,Function,Views and dispatcher,bridged_subset,void,ViewDispatcher*
view_dispatcher_send_custom_event,Function,Views and dispatcher,native_export_needs_arm_bridge,void,"ViewDispatcher*, uint32_t"
view_dispatcher_send_to_back,Function,Views and dispatcher,not_bridged,void,ViewDispatcher*
view_dispatcher_send_to_front,Function,Views and dispatcher,not_bridged,void,ViewDispatcher*
view_dispatcher_set_custom_event_callback,Function,Views and dispatcher,native_export_needs_arm_bridge,void,"ViewDispatcher*, ViewDispatcherCustomEventCallback"
view_dispatcher_set_event_callback_context,Function,Views and dispatcher,bridged_subset,void,"ViewDispatcher*, void*"
view_dispatcher_set_navigation_event_callback,Function,Views and dispatcher,bridged_subset,void,"ViewDispatcher*, ViewDispatcherNavigationEventCallback"
view_dispatcher_set_tick_event_callback,Function,Views and dispatcher,bridged_subset,void,"ViewDispatcher*, ViewDispatcherTickEventCallback, uint32_t"
view_dispatcher_stop,Function,Views and dispatcher,bridged_subset,void,ViewDispatcher*
view_dispatcher_switch_to_view,Function,Views and dispatcher,bridged_subset,void,"ViewDispatcher*, uint32_t"
view_free,Function,Views and dispatcher,bridged_subset,void,View*
view_free_model,Function,Views and dispatcher,native_export_needs_arm_bridge,void,View*
view_get_model,Function,Views and dispatcher,bridged_subset,void*,View*
view_holder_alloc,Function,Views and dispatcher,native_export_needs_arm_bridge,ViewHolder*,
view_holder_attach_to_gui,Function,Views and dispatcher,native_export_needs_arm_bridge,void,"ViewHolder*, Gui*"
view_holder_free,Function,Views and dispatcher,native_export_needs_arm_bridge,void,ViewHolder*
view_holder_get_free_context,Function,Views and dispatcher,not_bridged,void*,ViewHolder*
view_holder_send_to_back,Function,Views and dispatcher,not_bridged,void,ViewHolder*
view_holder_send_to_front,Function,Views and dispatcher,not_bridged,void,ViewHolder*
view_holder_set_back_callback,Function,Views and dispatcher,native_export_needs_arm_bridge,void,"ViewHolder*, BackCallback, void*"
view_holder_set_free_callback,Function,Views and dispatcher,not_bridged,void,"ViewHolder*, FreeCallback, void*"
view_holder_set_view,Function,Views and dispatcher,native_export_needs_arm_bridge,void,"ViewHolder*, View*"
view_holder_update,Function,Views and dispatcher,not_bridged,void,"View*, void*"
view_port_alloc,Function,Views and dispatcher,bridged_subset,ViewPort*,
view_port_draw_callback_set,Function,Views and dispatcher,bridged_subset,void,"ViewPort*, ViewPortDrawCallback, void*"
view_port_enabled_set,Function,Views and dispatcher,bridged_subset,void,"ViewPort*, _Bool"
view_port_free,Function,Views and dispatcher,bridged_subset,void,ViewPort*
view_port_get_height,Function,Views and dispatcher,not_bridged,uint8_t,const ViewPort*
view_port_get_orientation,Function,Views and dispatcher,not_bridged,ViewPortOrientation,const ViewPort*
view_port_get_width,Function,Views and dispatcher,not_bridged,uint8_t,const ViewPort*
view_port_input_callback_set,Function,Views and dispatcher,bridged_subset,void,"ViewPort*, ViewPortInputCallback, void*"
view_port_is_enabled,Function,Views and dispatcher,not_bridged,_Bool,const ViewPort*
view_port_set_height,Function,Views and dispatcher,not_bridged,void,"ViewPort*, uint8_t"
view_port_set_orientation,Function,Views and dispatcher,native_export_needs_arm_bridge,void,"ViewPort*, ViewPortOrientation"
view_port_set_width,Function,Views and dispatcher,not_bridged,void,"ViewPort*, uint8_t"
view_port_update,Function,Views and dispatcher,bridged_subset,void,ViewPort*
view_set_context,Function,Views and dispatcher,bridged_subset,void,"View*, void*"
view_set_custom_callback,Function,Views and dispatcher,not_bridged,void,"View*, ViewCustomCallback"
view_set_draw_callback,Function,Views and dispatcher,bridged_subset,void,"View*, ViewDrawCallback"
view_set_enter_callback,Function,Views and dispatcher,native_export_needs_arm_bridge,void,"View*, ViewCallback"
view_set_exit_callback,Function,Views and dispatcher,native_export_needs_arm_bridge,void,"View*, ViewCallback"
view_set_input_callback,Function,Views and dispatcher,bridged_subset,void,"View*, ViewInputCallback"
view_set_orientation,Function,Views and dispatcher,native_export_needs_arm_bridge,void,"View*, ViewOrientation"
view_set_previous_callback,Function,Views and dispatcher,native_export_needs_arm_bridge,void,"View*, ViewNavigationCallback"
view_set_update_callback,Function,Views and dispatcher,not_bridged,void,"View*, ViewUpdateCallback"
view_set_update_callback_context,Function,Views and dispatcher,not_bridged,void,"View*, void*"
view_stack_add_view,Function,Views and dispatcher,not_bridged,void,"ViewStack*, View*"
view_stack_alloc,Function,Views and dispatcher,not_bridged,ViewStack*,
view_stack_free,Function,Views and dispatcher,not_bridged,void,ViewStack*
view_stack_get_view,Function,Views and dispatcher,not_bridged,View*,ViewStack*
view_stack_remove_view,Function,Views and dispatcher,not_bridged,void,"ViewStack*, View*"
view_tie_icon_animation,Function,Views and dispatcher,native_export_needs_arm_bridge,void,"View*, IconAnimation*"
widget_add_button_element,Function,GUI modules,native_export_needs_arm_bridge,void,"Widget*, GuiButtonType, const char*, ButtonCallback, void*"
widget_add_circle_element,Function,GUI modules,not_bridged,void,"Widget*, uint8_t, uint8_t, uint8_t, _Bool"
widget_add_icon_element,Function,GUI modules,native_export_needs_arm_bridge,void,"Widget*, uint8_t, uint8_t, const Icon*"
widget_add_line_element,Function,GUI modules,not_bridged,void,"Widget*, uint8_t, uint8_t, uint8_t, uint8_t"
widget_add_rect_element,Function,GUI modules,native_export_needs_arm_bridge,void,"Widget*, uint8_t, uint8_t, uint8_t, uint8_t, uint8_t, _Bool"
widget_add_string_element,Function,GUI modules,native_export_needs_arm_bridge,void,"Widget*, uint8_t, uint8_t, Align, Align, Font, const char*"
widget_add_string_multiline_element,Function,GUI modules,native_export_needs_arm_bridge,void,"Widget*, uint8_t, uint8_t, Align, Align, Font, const char*"
widget_add_text_box_element,Function,GUI modules,native_export_needs_arm_bridge,void,"Widget*, uint8_t, uint8_t, uint8_t, uint8_t, Align, Align, const char*, _Bool"
widget_add_text_scroll_element,Function,GUI modules,native_export_needs_arm_bridge,void,"Widget*, uint8_t, uint8_t, uint8_t, uint8_t, const char*"
widget_alloc,Function,GUI modules,native_export_needs_arm_bridge,Widget*,
widget_free,Function,GUI modules,native_export_needs_arm_bridge,void,Widget*
widget_get_view,Function,GUI modules,native_export_needs_arm_bridge,View*,Widget*
widget_reset,Function,GUI modules,native_export_needs_arm_bridge,void,Widget*
